_MeanReward,Steps,_Episode,_mean_discrew,_min_discrew,_max_discrew,_std_discrew,_mean_adv,_min_adv,_max_adv,_std_adv,_mean_obs,_min_obs,_max_obs,_std_obs,_mean_act,_min_act,_max_act,_std_act,PolicyLoss,PolicyEntropy,KL,Beta,_lr_multiplier,ValFuncLoss,ExplainedVarNew,ExplainedVarOld
-123.364,722,5,-0.348662970623,-0.502340297636,-0.175423066836,0.0149618964966,-1.18095745556e-16,-2.62620687928,1.98845965659,0.999990981682,0.00808283773795,-1.64371084348,1.35640068738,0.0565680495385,0.0289304,-2.10111,2.10425,0.399999,-0.0268537,3.66727,0.0138132,1.5,1.0,0.0232940587376,0.356052231945,-3.26130392149
