_MeanReward,Steps,_Episode,_mean_discrew,_min_discrew,_max_discrew,_std_discrew,_mean_adv,_min_adv,_max_adv,_std_adv,_mean_obs,_min_obs,_max_obs,_std_obs,_mean_act,_min_act,_max_act,_std_act,PolicyLoss,PolicyEntropy,KL,Beta,_lr_multiplier,ValFuncLoss,ExplainedVarNew,ExplainedVarOld
-129.103,501,5,-0.458282481449,-0.510479181702,-0.323981818758,0.00272756774376,-1.41824897357e-17,-2.96338910737,2.94821516797,0.999992261923,0.00722137499104,-1.06256132697,1.31220870078,0.0501851339296,0.00432934,-2.17034,2.35843,0.412136,-0.026569,3.6504,0.013076,1.5,1.0,0.0218119588589,-5.9818961616,-17.6066677115
