_MeanReward,Steps,_Episode,_mean_discrew,_min_discrew,_max_discrew,_std_discrew,_mean_adv,_min_adv,_max_adv,_std_adv,_mean_obs,_min_obs,_max_obs,_std_obs,_mean_act,_min_act,_max_act,_std_act,PolicyLoss,PolicyEntropy,KL,Beta,_lr_multiplier,ValFuncLoss,ExplainedVarNew,ExplainedVarOld
-161.573,4017,5,-0.169042334376,-0.5,-0.0289237128261,0.015223554267,1.41507141799e-17,-3.84815724348,2.6208138748,0.999989985425,-0.00911370331841,-1.38958597617,1.70373688949,0.0491857720346,0.0178099,-2.48042,2.55824,0.38926,-0.00941779,3.66912,0.00668981,1.5,1.0,0.00430033777356,0.717982186662,-2.32069796971
