_MeanReward,Steps,_Episode,_mean_discrew,_min_discrew,_max_discrew,_std_discrew,_mean_adv,_min_adv,_max_adv,_std_adv,_mean_obs,_min_obs,_max_obs,_std_obs,_mean_act,_min_act,_max_act,_std_act,PolicyLoss,PolicyEntropy,KL,Beta,_lr_multiplier,ValFuncLoss,ExplainedVarNew,ExplainedVarOld
-106.876,370,5,-0.4307991718,-0.5,-0.343863908864,0.00220223528571,0.0,-2.79373716691,2.39964244883,0.999991884567,-0.125051991989,-1.93235936945,2.19293404909,0.0755616182566,-0.132516,-2.72276,2.5096,0.409057,-0.0441912,3.65137,0.0112565,1.5,1.0,0.0146062388495,-4.93917713953,-41.5606341235
-108.086,410,10,-0.423447169493,-0.5,-0.315551306339,0.00311218824751,6.0656087199e-17,-3.00670023995,2.13762486809,0.999987468779,-0.0353243334127,-0.760213308079,0.920197169942,0.041930120264,0.0114702,-2.20869,2.1295,0.382535,-0.0308902,3.62618,0.0104416,2.25,1.0,0.0250188747227,-6.90776506594,-2.99521876844
-115.147,351,15,-0.460543185271,-0.501802802072,-0.386200329007,0.00104179719737,-2.02433827852e-17,-2.5270787296,1.72698533828,0.999988968143,0.00718352406737,-0.762403684657,0.936005889281,0.0415812017259,0.0585711,-1.84561,2.2134,0.441487,-0.0224273,3.60025,0.00859191,3.375,1.0,0.0100364408642,-8.60391895485,-45.8928183837
-111.955,405,20,-0.435234819143,-0.506786570499,-0.304463226191,0.00344855100289,-4.38606627012e-17,-4.44442010016,2.50140376817,0.999989306102,0.00674585220781,-0.821599720056,1.00443780328,0.0532807714734,-0.0291109,-1.96493,2.20443,0.415901,-0.0198273,3.62056,0.00479613,3.375,1.0,0.00850106321076,-1.44468584392,-13.0047125493
-117.31,1288,25,-0.241332623562,-0.5,-0.051108420762,0.0233152805992,8.82661783553e-17,-3.89542049967,3.3583960515,0.999980641793,-0.029418284047,-0.884868933885,1.00930021929,0.0378659370407,-0.036802,-2.52906,2.78797,0.38644,-0.00449892,3.63084,0.00116668,2.25,1.0,0.00771518108727,0.704400488262,-0.805820589054
-114.681,628,30,-0.394087795826,-0.505212963686,-0.218721835915,0.00573354497772,1.13143747733e-17,-2.75791015425,2.05898808574,0.999980091299,-0.00092085602018,-0.966442220112,1.04922749817,0.0463001740501,-0.0475339,-1.95739,2.16017,0.417965,-0.0147771,3.60951,0.0044757,2.25,1.0,0.00349623376768,0.391182439459,-3.52860154376
