_MeanReward,Steps,_Episode,_mean_discrew,_min_discrew,_max_discrew,_std_discrew,_mean_adv,_min_adv,_max_adv,_std_adv,_mean_obs,_min_obs,_max_obs,_std_obs,_mean_act,_min_act,_max_act,_std_act,PolicyLoss,PolicyEntropy,KL,Beta,_lr_multiplier,ValFuncLoss,ExplainedVarNew,ExplainedVarOld
-125.344,424,5,-0.475740158648,-0.538640591449,-0.36411752101,0.00167663044396,-3.35161667811e-17,-1.93358979862,2.18500995231,0.99999094786,-0.0792634845672,-1.56771134019,1.33926714402,0.0784691568799,-0.113931,-2.40099,2.83456,0.451207,-0.018404,3.64423,0.00856325,1.5,1.0,0.0154956573605,-8.22718094045,-19.8811139655
-123.777,464,10,-0.458938023657,-0.503590898065,-0.346442963243,0.0018516366525,6.12536841173e-17,-2.93699149118,1.80571924373,0.999986820789,0.0111161130035,-1.13789170587,0.760244424266,0.0396833481192,0.0343911,-2.04116,1.91772,0.397277,-0.0281558,3.61972,0.0121973,2.25,1.0,0.0721062969318,-8.49915336616,-3.60223852714
-123.768,447,15,-0.46202474368,-0.507748143865,-0.359486306392,0.00135643724063,-5.96092899128e-18,-2.37376102882,2.66897722545,0.999990502928,-0.0237013820446,-1.09081029251,0.963425893147,0.0517390120626,-0.0614249,-2.20582,2.38252,0.438396,-0.0290638,3.59442,0.00724758,3.375,1.0,0.0215515414239,-9.25493242025,-50.4525426036
-122.67,457,20,-0.459026447723,-0.519244472239,-0.334101177367,0.00209066348848,-3.88699527221e-17,-5.1394524041,2.21911848411,0.999984001816,-0.0115164251557,-0.861935601886,0.930336560346,0.0475616026758,0.0212765,-1.94717,2.28586,0.46098,-0.0270035,3.62207,0.00640912,5.0625,1.0,0.00594141044296,-1.74191597745,-5.900229482
-128.369,868,25,-0.345207432032,-0.505836352044,-0.178046991953,0.0123451792805,-3.27439048737e-17,-3.86663964938,2.30754115139,0.999961125867,-0.0350699497583,-0.74376770495,0.891085668623,0.035695540919,0.0250961,-2.42674,2.21489,0.395611,-0.00624653,3.62387,0.00112428,3.375,1.0,0.0207024476323,0.374242210353,0.199114101483
-110.975,506,30,-0.416479300258,-0.500724374076,-0.325452250245,0.00272010935994,1.40423465565e-17,-3.1826084185,3.44854519393,0.999969422829,-0.0305858675382,-0.875258879791,1.15202292325,0.0451983623518,-0.106861,-2.39514,1.96073,0.408445,-0.0211451,3.62134,0.00412865,3.375,1.0,0.00540953956469,-0.296823321501,-1.38181543731
