_MeanReward,Steps,_Episode,_mean_discrew,_min_discrew,_max_discrew,_std_discrew,_mean_adv,_min_adv,_max_adv,_std_adv,_mean_obs,_min_obs,_max_obs,_std_obs,_mean_act,_min_act,_max_act,_std_act,PolicyLoss,PolicyEntropy,KL,Beta,_lr_multiplier,ValFuncLoss,ExplainedVarNew,ExplainedVarOld
-126.043,377,5,-0.484088487613,-0.536824053709,-0.355897370181,0.00211213052443,2.12031983483e-16,-2.35088938966,2.55203312252,0.999987045396,-0.0849061113306,-1.79921799302,2.02500533035,0.0881946505935,-0.102509,-2.15869,2.2254,0.390383,-0.0325041,3.61882,0.0117797,1.5,1.0,0.013505855371,-3.90164760667,-6.1904716619
-122.26,340,10,-0.484929346917,-0.520822275484,-0.421368640444,0.000587131645489,5.22457893941e-17,-2.71156547257,1.89931819608,0.999989093867,0.0287256060863,-0.806695357347,0.987161589559,0.0430408819259,0.0378804,-2.15424,2.11575,0.428041,-0.0341832,3.61287,0.0128972,2.25,1.0,0.0294465076037,-36.2792318864,-56.3459865975
-123.598,326,15,-0.493507548267,-0.526826547163,-0.448815865188,0.000321894808967,-7.62852630417e-17,-3.60240844988,2.32271092955,0.999990045287,0.0154522289773,-0.826584337997,0.776092382736,0.0458394756255,-0.0136679,-2.571,1.80582,0.427309,-0.030836,3.60956,0.00883214,3.375,1.0,0.0083089195679,-24.8027243591,-211.513092975
-123.465,466,20,-0.446886468016,-0.503061937513,-0.301055061468,0.00353036926918,0.0,-5.33467780293,2.05278309861,0.999972193406,-0.0438706442356,-0.792902098043,0.648071019984,0.0424564576076,-0.112064,-2.34329,1.93453,0.425802,-0.0151982,3.63543,0.00329373,3.375,1.0,0.0121492450696,-0.65733459297,-4.62746392005
-125.775,705,25,-0.335186425548,-0.508778609823,-0.143129427787,0.0185156995974,-1.00786203654e-17,-4.05700636509,2.16175769051,0.999971895238,-0.0204876068146,-0.973163484984,0.957367566851,0.0378189416654,0.00114733,-2.4662,2.68529,0.407665,-0.0109554,3.5968,0.00276973,3.375,1.0,0.00861136261551,0.549618297139,-0.0648353123805
-131.537,908,30,-0.350076282188,-0.510840573659,-0.168667334885,0.0125544492785,-7.82536052599e-18,-2.8351077198,2.94347611248,0.999969754565,-0.00914318116405,-0.902675666122,0.862831095988,0.0362500077345,0.0527539,-2.13986,2.20802,0.392808,-0.0086607,3.61764,0.00231839,3.375,1.0,0.00725270323408,0.431104575777,0.0424368218156
