_MeanReward,Steps,_Episode,_mean_discrew,_min_discrew,_max_discrew,_std_discrew,_mean_adv,_min_adv,_max_adv,_std_adv,_mean_obs,_min_obs,_max_obs,_std_obs,_mean_act,_min_act,_max_act,_std_act,PolicyLoss,PolicyEntropy,KL,Beta,_lr_multiplier,ValFuncLoss,ExplainedVarNew,ExplainedVarOld
-124.462,2763,20,-0.364638629825,-0.51298825386,-0.109034853991,0.0151726987829,8.22923182929e-17,-3.8201787445,1.98676917441,0.99998895881,-0.0235063539608,-0.952207225623,1.24204630271,0.0502691980007,0.0583245,-2.14653,2.44928,0.39727,-0.0144317,3.65194,0.0090167,1.5,1.0,0.0112862447194,0.300133676141,-0.346574365429
-125.33,2487,40,-0.401110854252,-0.517770328851,-0.173872946546,0.00986760235306,-2.85702748597e-17,-5.22679232281,3.08496269089,0.99997532628,-0.00251121960204,-2.07048441076,1.87509534332,0.051312737618,-0.0157771,-2.77407,2.59333,0.409145,-0.0137558,3.63453,0.00783559,2.25,1.0,0.0227599352153,-0.338428962011,-0.611917060228
-129.629,3188,60,-0.351615828118,-0.517559071815,-0.0991692749676,0.0181884125504,4.23472772254e-17,-3.99555459663,3.24618687203,0.999977816633,-0.000871822248177,-1.0900123587,1.22103893561,0.0440458733629,0.0296872,-2.38703,2.53974,0.417857,-0.00617498,3.62183,0.00302055,2.25,1.0,0.0146713122814,0.317972570033,-0.0186292969116
