_MeanReward,Steps,_Episode,_mean_discrew,_min_discrew,_max_discrew,_std_discrew,_mean_adv,_min_adv,_max_adv,_std_adv,_mean_obs,_min_obs,_max_obs,_std_obs,_mean_act,_min_act,_max_act,_std_act,PolicyLoss,PolicyEntropy,KL,Beta,_lr_multiplier,ValFuncLoss,ExplainedVarNew,ExplainedVarOld
-133.609,6250,20,-0.240563831391,-0.50385934881,-0.0371430146559,0.0240362229477,0.0,-4.59492401754,3.28877340655,0.99998891743,-0.0313059994349,-0.994606738806,1.578,0.0443360581124,0.0483842,-2.58498,2.64991,0.400278,-0.00498485,3.65176,0.00402789,1.0,1.0,0.0104902770547,0.564345107861,-1.04898579729
-129.885,11048,40,-0.136791592278,-0.504446114927,-0.000351694587152,0.0184438408463,-2.31530942138e-17,-6.06125868388,5.3275675466,0.999971770546,0.0111295915284,-1.45402148498,1.72443834702,0.0403874716768,0.108417,-2.59759,3.02496,0.404394,-0.00203889,3.636,0.00319496,1.0,1.0,0.00979688190413,0.497371698849,0.0846753033383
-122.331,8172,60,-0.151861585418,-0.520321056592,-0.00020401951042,0.0242330730949,-5.73859771906e-17,-6.09132170179,4.0077643847,0.999976407713,0.0187348264861,-1.53517053238,1.94560893327,0.0513029326922,0.100192,-2.67085,2.9045,0.420445,-0.00496416,3.61081,0.0045788,1.0,1.0,0.00737932324506,0.699928967978,0.280857520601
