_MeanReward,Steps,_Episode,_mean_discrew,_min_discrew,_max_discrew,_std_discrew,_mean_adv,_min_adv,_max_adv,_std_adv,_mean_obs,_min_obs,_max_obs,_std_obs,_mean_act,_min_act,_max_act,_std_act,PolicyLoss,PolicyEntropy,KL,Beta,_lr_multiplier,ValFuncLoss,ExplainedVarNew,ExplainedVarOld
-121.178,1276,20,-0.484302728216,-0.524092237215,-0.383357187018,0.000737994043264,-1.11370334759e-17,-2.58396090099,3.08635015361,0.999991595222,0.0270246124566,-1.65843859623,2.09051473379,0.0723832196927,-0.0346961,-2.27538,2.22015,0.410001,-0.0211497,3.647,0.0127865,1.5,1.0,0.00258113019284,-2.49739040492,-50.7275705546
-128.675,1906,40,-0.457392728117,-0.528015818445,-0.255227630471,0.00473293444666,-1.49117048428e-17,-3.0311458728,3.62272148128,0.999958339337,0.0216500495825,-1.26701288216,1.02883276259,0.0487555419428,-0.00256469,-2.77151,2.89661,0.41222,-0.00903826,3.62382,0.00479174,1.5,1.0,0.00323311091719,0.457150559082,-0.475372372077
-126.495,2159,60,-0.416584118181,-0.518593636593,-0.145801715614,0.0116478249754,2.63285867813e-17,-2.80409358963,2.60226023604,0.999956931594,0.00478348788031,-1.29602783852,1.16091511713,0.0448647348159,0.019036,-2.48495,2.30275,0.420162,-0.0118039,3.63019,0.00616593,2.25,1.0,0.00769027415265,0.561503629213,-0.210306476797
