_MeanReward,Steps,_Episode,_mean_discrew,_min_discrew,_max_discrew,_std_discrew,_mean_adv,_min_adv,_max_adv,_std_adv,_mean_obs,_min_obs,_max_obs,_std_obs,_mean_act,_min_act,_max_act,_std_act,PolicyLoss,PolicyEntropy,KL,Beta,_lr_multiplier,ValFuncLoss,ExplainedVarNew,ExplainedVarOld
-128.46,2469,20,-0.402516008416,-0.508529090711,-0.165291714414,0.00935892714152,4.60457017909e-17,-2.91376192038,3.26882639204,0.999989541341,0.0281696965371,-1.66461090102,2.35978465581,0.0902828690911,-0.0262144,-2.66837,2.34052,0.4108,-0.0138915,3.71146,0.0103394,1.5,1.0,0.00787801109502,0.201360301362,-3.75464186633
