_MeanReward,Steps,_Episode,_mean_discrew,_min_discrew,_max_discrew,_std_discrew,_mean_adv,_min_adv,_max_adv,_std_adv,_mean_obs,_min_obs,_max_obs,_std_obs,_mean_act,_min_act,_max_act,_std_act,PolicyLoss,PolicyEntropy,KL,Beta,_lr_multiplier,ValFuncLoss,ExplainedVarNew,ExplainedVarOld
-122.959,3466,20,-0.301870870668,-0.510335116578,-0.0562841507284,0.0230240240725,3.28005879174e-17,-3.69755932354,2.23915651756,0.999987937483,0.00402643934071,-0.95560934798,1.53801759927,0.0721114413235,-0.00391252,-2.47821,2.95925,0.399262,-0.00947773,3.72258,0.00765834,1.5,1.0,0.0106192613579,0.538998093789,-2.03215328982
