_MeanReward,Steps,_Episode,_mean_discrew,_min_discrew,_max_discrew,_std_discrew,_mean_adv,_min_adv,_max_adv,_std_adv,_mean_obs,_min_obs,_max_obs,_std_obs,_mean_act,_min_act,_max_act,_std_act,PolicyLoss,PolicyEntropy,KL,Beta,_lr_multiplier,ValFuncLoss,ExplainedVarNew,ExplainedVarOld
-134.987,6970,20,-0.200994432936,-0.514158398121,-0.0374927011777,0.0237423595101,-9.7865283548e-17,-5.48013406775,3.34818560583,0.999987931561,-0.0260398202225,-1.14658549585,1.7066347858,0.042671910856,0.100413,-3.2093,2.93723,0.392069,-0.00497534,3.69842,0.00415315,1.0,1.0,0.00774829578106,0.674527342616,-0.218977684538
