_MeanReward,Steps,_Episode,_mean_discrew,_min_discrew,_max_discrew,_std_discrew,_mean_adv,_min_adv,_max_adv,_std_adv,_mean_obs,_min_obs,_max_obs,_std_obs,_mean_act,_min_act,_max_act,_std_act,PolicyLoss,PolicyEntropy,KL,Beta,_lr_multiplier,ValFuncLoss,ExplainedVarNew,ExplainedVarOld
-104.482,1750,3,-0.0791108281293,-0.52583409442,-0.000163230928592,0.0130507036761,0.0,-4.75395193383,3.35058222902,0.999977860724,0.0432988231724,-2.94898389642,3.27020347099,0.0835605815356,-0.00676449,-2.19041,2.52331,0.387079,-0.0212747,3.66338,0.0123052,1.5,1.0,0.00328198852704,0.765142821698,-0.603565002206
-169.994,2622,6,-0.168875223082,-0.5,-0.0387000752939,0.0141718844378,-1.08397061138e-17,-4.94957813786,2.85994381909,0.999981497198,0.0444114848497,-1.44761890527,2.09871153526,0.0450155673252,-0.0496215,-2.4094,2.28297,0.395118,-0.0125815,3.65934,0.00729259,2.25,1.0,0.0082662570979,0.41712291528,-1.26859280671
-115.916,279,9,-0.437126737035,-0.503209777654,-0.31126686921,0.00300237841149,5.09349631369e-17,-2.67652786095,2.03037502105,0.999985224674,0.111956803142,-1.19561741848,1.76100767749,0.0796324213021,-0.0280941,-2.33899,2.66621,0.389256,-0.0467863,3.67976,0.0110246,3.375,1.0,0.0426808476067,-1.03822155459,-4.74691904403
