_MeanReward,Steps,_Episode,_mean_discrew,_min_discrew,_max_discrew,_std_discrew,_mean_adv,_min_adv,_max_adv,_std_adv,_mean_obs,_min_obs,_max_obs,_std_obs,_mean_act,_min_act,_max_act,_std_act,PolicyLoss,PolicyEntropy,KL,Beta,_lr_multiplier,ValFuncLoss,ExplainedVarNew,ExplainedVarOld
-129.582,457,3,-0.379155512679,-0.500995856969,-0.217026352188,0.00997237567454,3.10959621777e-17,-3.00755406861,1.7000118127,0.999987924267,-0.0321158217037,-0.788162847548,1.02485389898,0.0412752103151,0.0241101,-2.24985,2.16862,0.379744,-0.0184975,3.68023,0.0125664,1.5,1.0,0.024449898035,-1.22746795042,-1.48460809259
-116.547,184,6,-0.472170428512,-0.5,-0.422733232866,0.000584851508853,3.37893964016e-17,-3.10803590888,1.6063358719,0.999990088964,0.0341362327265,-0.930953837959,1.26807611896,0.0597213305972,0.00688682,-1.90855,2.09613,0.443176,-0.0359441,3.68732,0.012383,2.25,1.0,0.00962138421213,-14.38993844,-99.3402923083
-121.208,193,9,-0.490144178256,-0.515165318955,-0.443870315403,0.000418435142334,3.68156857907e-17,-2.34095959205,2.03655233406,0.999990136565,0.000293194663169,-1.04934066848,0.935478568986,0.0467243925474,-0.013966,-2.29314,2.37962,0.401442,-0.0252873,3.68356,0.0128749,3.375,1.0,0.00247144291788,-0.876832066418,-136.21680374
