_MeanReward,Steps,_Episode,_mean_discrew,_min_discrew,_max_discrew,_std_discrew,_mean_adv,_min_adv,_max_adv,_std_adv,_mean_obs,_min_obs,_max_obs,_std_obs,_mean_act,_min_act,_max_act,_std_act,PolicyLoss,PolicyEntropy,KL,Beta,_lr_multiplier,ValFuncLoss,ExplainedVarNew,ExplainedVarOld
-77.6446,4800,3,-0.0425912474227,-0.0567046065808,0.000401616036001,0.000122955919439,1.18423789293e-17,-4.36341150888,4.90127749124,0.999968369163,0.000300562753305,-2.53448840335,1.94237002515,0.0379403527942,-0.0355065,-2.68893,2.3887,0.394975,-0.0108531,3.69563,0.00830337,1.5,1.0,4.83866729291e-05,0.607061061765,-61.9396696442
-108.293,226,6,-0.435468010575,-0.500061397385,-0.35377500815,0.00155066468956,1.72919692331e-16,-2.36291840574,1.30659270741,0.999983645076,0.0520053799889,-3.37817662415,4.32625869696,0.230706657191,0.0754033,-1.80332,1.89811,0.372861,-0.024092,3.68691,0.013911,2.25,1.0,0.0149798957162,-3.6202583164,-0.344550577944
-92.2593,1774,9,-0.0775859844124,-0.5,0.00241334961583,0.0118711209274,0.0,-5.17704320589,3.61761765263,0.999957428017,0.0275899175195,-2.16541116313,2.20835043756,0.0717184093838,-0.038305,-2.15792,2.14642,0.40545,-0.0181691,3.67311,0.00562961,2.25,1.0,0.0012770345625,0.893760993366,0.00827034082169
