_MeanReward,Steps,_Episode,_mean_discrew,_min_discrew,_max_discrew,_std_discrew,_mean_adv,_min_adv,_max_adv,_std_adv,_mean_obs,_min_obs,_max_obs,_std_obs,_mean_act,_min_act,_max_act,_std_act,PolicyLoss,PolicyEntropy,KL,Beta,_lr_multiplier,ValFuncLoss,ExplainedVarNew,ExplainedVarOld
-136.309,332,3,-0.468557963376,-0.528243147775,-0.389615320767,0.00131372225026,1.49813227419e-16,-2.33084901397,1.97491478846,0.99997965891,0.0385191445619,-2.531808728,2.01320510807,0.0911937192422,0.065745,-1.81342,2.27712,0.388948,-0.0379132,3.65451,0.012546,1.5,1.0,0.00222826180591,0.200203174392,-4.96858468437
-133.835,404,6,-0.425891104672,-0.500149418311,-0.30725322878,0.00364299415827,-1.75876914792e-17,-3.09138189076,1.52244730034,0.999992039883,0.039256864884,-1.06630969531,1.04735723898,0.0622042778633,0.0986644,-1.97083,2.07332,0.414241,-0.0411893,3.63895,0.0117751,2.25,1.0,0.0275527195686,-1.02268643209,-34.0539311271
-124.843,200,9,-0.49442276649,-0.511593503145,-0.454340598732,0.000247675550127,-1.7763568394e-17,-2.11637444781,1.68804205418,0.999983419176,0.0546447565154,-0.964407120681,1.06486147659,0.0624208253393,0.0614015,-2.08504,2.19145,0.448071,-0.0338189,3.62813,0.0127763,3.375,1.0,0.00186737804181,-6.53868276935,-38.5134912905
