_MeanReward,Steps,_Episode,_mean_discrew,_min_discrew,_max_discrew,_std_discrew,_mean_adv,_min_adv,_max_adv,_std_adv,_mean_obs,_min_obs,_max_obs,_std_obs,_mean_act,_min_act,_max_act,_std_act,PolicyLoss,PolicyEntropy,KL,Beta,_lr_multiplier,ValFuncLoss,ExplainedVarNew,ExplainedVarOld
-120.846,490,5,-0.439203963208,-0.50679116048,-0.310549000085,0.00334950493965,-1.45008721584e-17,-2.95607324564,2.91920981507,0.999991238442,-0.0111300623786,-0.932189026218,1.44544323597,0.053780562619,-0.033004,-2.90385,2.15289,0.40637,-0.0323933,3.70097,0.0114067,1.5,1.0,0.0741946416416,-3.54225528038,-12.8091761908
-118.291,362,10,-0.464362637639,-0.5,-0.39942614967,0.000844412568612,-5.39776940149e-17,-3.11180698748,1.93742697711,0.999992066564,0.041070490869,-0.637485447062,1.07600086782,0.0464591702719,0.0552052,-1.90838,2.37756,0.405791,-0.0301097,3.67235,0.0122972,2.25,1.0,0.0292965046523,-19.9702065119,-101.226958007
-115.18,361,15,-0.453863233448,-0.513426411746,-0.334594375405,0.00275612942196,3.93652485186e-17,-2.41504998433,2.61859041802,0.999989146165,-0.0320195358371,-0.984283472023,1.55793635062,0.0486260789551,-0.018949,-2.19494,2.07835,0.407299,-0.0291502,3.685,0.00879335,3.375,1.0,0.0108783491202,-1.78250347371,-14.7801195315
-119.928,468,20,-0.441491166321,-0.5,-0.306638513833,0.00261743696537,4.55476112667e-17,-2.98132933844,2.53406200214,0.999982927371,-0.021933822386,-1.04696361297,0.892905199071,0.0430361753527,-0.0315245,-2.06895,2.16182,0.406359,-0.0183975,3.66945,0.00390538,3.375,1.0,0.0276865975987,-0.422763419286,-8.03262520387
-121.351,755,25,-0.367492363785,-0.501651775321,-0.186656490444,0.00911252155398,-8.47004585674e-17,-2.82551599437,2.95992091958,0.999977826837,-0.0267047604999,-0.910853609881,0.923847989933,0.038385792805,-0.0374895,-2.43588,2.0693,0.389355,-0.0126422,3.60951,0.00352904,3.375,1.0,0.0190069377301,0.251182911108,-0.395596961185
