_MeanReward,Steps,_Episode,_mean_discrew,_min_discrew,_max_discrew,_std_discrew,_mean_adv,_min_adv,_max_adv,_std_adv,_mean_obs,_min_obs,_max_obs,_std_obs,_mean_act,_min_act,_max_act,_std_act,PolicyLoss,PolicyEntropy,KL,Beta,_lr_multiplier,ValFuncLoss,ExplainedVarNew,ExplainedVarOld
-135.289,1161,5,-0.326398671764,-0.520829778239,-0.14181352168,0.0146678007206,4.89607397595e-17,-3.28482397382,3.60952792873,0.999990837291,-0.0755143932778,-1.62550330305,1.79708807609,0.0480908361395,-0.0621927,-2.33039,2.0009,0.393027,-0.0211631,3.72722,0.0100493,1.5,1.0,0.0115485936693,0.222682307514,-2.84739096434
-137.358,1750,10,-0.253407582192,-0.5,-0.0731091436958,0.018505894603,6.49639072695e-17,-3.25781949957,2.68279168931,0.999975658541,-0.00735951198632,-0.882318738992,1.20819589903,0.0347640467585,-0.0140293,-2.6419,2.39294,0.401241,-0.00823207,3.67588,0.00649808,2.25,1.0,0.0112216538065,0.396093872086,0.0333590608911
-113.427,414,15,-0.436381782309,-0.513216534515,-0.31049113538,0.0028505463522,1.02977208081e-16,-2.94227016212,2.00878690435,0.999981396781,0.0703637159083,-1.13400852195,1.77846955126,0.0678150008947,-0.00745485,-2.26584,2.24448,0.416884,-0.0232173,3.66051,0.00798517,3.375,1.0,0.015269369335,-2.77467855597,-5.66304777209
-128.019,1051,20,-0.323762818879,-0.5,-0.142661093754,0.0129576339361,-5.91555560219e-17,-4.08435726174,2.88117598236,0.999974381523,-0.00409203536005,-0.782397201691,1.07864160514,0.039895276015,-0.02399,-2.22223,2.27951,0.395552,-0.00710395,3.68118,0.00255519,3.375,1.0,0.00671663291088,0.51343061613,-0.0305961304703
-132.338,1696,25,-0.22173169639,-0.512759794514,-0.0595614444029,0.0202795669806,0.0,-3.57332397056,4.21235615242,0.99996852746,0.00183785953784,-0.809807005396,1.11607006484,0.035978055505,-0.0404455,-2.56682,2.84134,0.384839,-0.00716445,3.63143,0.00213893,3.375,1.0,0.0187064259449,0.138437176571,0.187624710806
