_MeanReward,Steps,_Episode,_mean_discrew,_min_discrew,_max_discrew,_std_discrew,_mean_adv,_min_adv,_max_adv,_std_adv,_mean_obs,_min_obs,_max_obs,_std_obs,_mean_act,_min_act,_max_act,_std_act,PolicyLoss,PolicyEntropy,KL,Beta,_lr_multiplier,ValFuncLoss,ExplainedVarNew,ExplainedVarOld
-122.97,366,5,-0.477123483893,-0.512857525984,-0.39865417149,0.000749038249365,1.94137359497e-16,-2.63316604613,2.28827362461,0.999992437821,0.0195569836215,-1.03124961883,1.57585728651,0.0532677033029,0.0398849,-2.09964,2.30137,0.401346,-0.0438209,3.68468,0.013206,1.5,1.0,0.0667532417403,-78.4482312842,-39.9984443049
-119.632,300,10,-0.481716286121,-0.533142380221,-0.391701566422,0.00136214734444,-2.36847578587e-17,-2.92617535171,3.08297787344,0.999991363011,0.00759627123691,-0.748095458975,1.20717409321,0.051655929405,0.024112,-1.77906,2.67016,0.433254,-0.04428,3.67771,0.0126937,2.25,1.0,0.0264079624951,-18.3205026515,-65.3719016559
-124.248,509,15,-0.40846992269,-0.522434036573,-0.229431834715,0.0104925248503,2.79191644699e-17,-3.86592041153,2.7901667103,0.999982635789,-0.0357051341152,-0.826032935013,1.01107877316,0.0437776494217,-0.0271722,-2.03428,2.0858,0.415792,-0.0239095,3.67655,0.00687493,3.375,1.0,0.00802411297662,0.244280455215,-0.594186961434
-126.115,495,20,-0.455716139719,-0.51710903798,-0.362853773331,0.00155306005165,5.02403954578e-17,-2.54048504366,2.77359859348,0.999965922625,-0.0110311275663,-0.743300571656,1.03603062227,0.0433989507345,-0.0123442,-2.17911,1.94742,0.413449,-0.0130165,3.64169,0.00295535,3.375,1.0,0.00358116116033,-1.26516020111,-3.43775593942
-124.34,475,25,-0.459034617579,-0.510269909081,-0.348246403373,0.0013815985368,1.30889451324e-17,-4.17655551192,2.49934440392,0.999966702863,-0.00137111761979,-0.752567392395,1.06451470011,0.0462662079528,-0.0202125,-2.28653,1.9248,0.394096,-0.0253254,3.61945,0.00624475,5.0625,1.0,0.0115495797047,-1.17473011577,-9.44745240306
