_MeanReward,Steps,_Episode,_mean_discrew,_min_discrew,_max_discrew,_std_discrew,_mean_adv,_min_adv,_max_adv,_std_adv,_mean_obs,_min_obs,_max_obs,_std_obs,_mean_act,_min_act,_max_act,_std_act,PolicyLoss,PolicyEntropy,KL,Beta,_lr_multiplier,ValFuncLoss,ExplainedVarNew,ExplainedVarOld
-128.371,2602,20,-0.409414613334,-0.521239595425,-0.132677462394,0.00875221960865,1.09230243776e-17,-3.42471621409,2.96565361499,0.999988388521,-0.0565360119483,-1.63192466391,1.70333238618,0.0771499802684,0.0223796,-2.6162,2.43515,0.40242,-0.0123712,3.6817,0.00980746,1.5,1.0,0.00776313162617,0.238869221334,-2.47051102819
-128.457,2856,40,-0.393912909496,-0.515618069639,-0.193729459464,0.00728034440537,9.95157893221e-18,-4.07493754545,2.49787041079,0.999959733618,-0.00724965758919,-1.02087960848,1.21673699109,0.0437593180996,-0.0120234,-2.72871,2.51599,0.417206,-0.00823371,3.66923,0.00446707,1.5,1.0,0.00743948605362,0.00788454180382,-0.119565903812
