_MeanReward,Steps,_Episode,_mean_discrew,_min_discrew,_max_discrew,_std_discrew,_mean_adv,_min_adv,_max_adv,_std_adv,_mean_obs,_min_obs,_max_obs,_std_obs,_mean_act,_min_act,_max_act,_std_act,PolicyLoss,PolicyEntropy,KL,Beta,_lr_multiplier,ValFuncLoss,ExplainedVarNew,ExplainedVarOld
-118.489,5313,20,-0.188129068397,-0.517216234217,0.000109027731014,0.0334762098983,-1.06989307097e-17,-4.2495533222,3.46398420738,0.999989508969,-0.0583395952976,-1.62759269329,1.77193256381,0.0841853692424,0.0492754,-2.64284,2.81792,0.396664,-0.00925525,3.68997,0.00614527,1.5,1.0,0.00325955704062,0.902814132959,-3.84196044199
-136.013,8073,40,-0.210784583495,-0.5,-0.041448328534,0.0177750525051,-1.23220590866e-16,-6.23092211393,2.47455623009,0.999965696669,-0.0107507848681,-1.17740614019,1.207,0.0390405973996,-0.065656,-2.66981,2.63119,0.396401,-0.0031834,3.69121,0.00254472,1.5,1.0,0.0110895221734,0.377086847657,-0.442968534662
