_MeanReward,Steps,_Episode,_mean_discrew,_min_discrew,_max_discrew,_std_discrew,_mean_adv,_min_adv,_max_adv,_std_adv,_mean_obs,_min_obs,_max_obs,_std_obs,_mean_act,_min_act,_max_act,_std_act,PolicyLoss,PolicyEntropy,KL,Beta,_lr_multiplier,ValFuncLoss,ExplainedVarNew,ExplainedVarOld
-129.247,1894,20,-0.463815090346,-0.520898673049,-0.262073320887,0.00262954629601,7.50309119071e-18,-2.96055150348,2.81400110811,0.999989112997,-0.0126969667115,-1.21352626911,1.90671925379,0.0635706707365,0.0278382,-2.46266,2.6521,0.41085,-0.0142636,3.69293,0.0128359,1.5,1.0,0.00223540985249,0.155238514901,-6.27723150851
-127.419,1746,40,-0.468572699392,-0.521324699619,-0.324476253277,0.00159723602255,-8.13909204765e-17,-3.85387060304,3.89046814661,0.999936942487,0.00483772120769,-1.20004837291,1.23382725377,0.0466543989833,-0.00281401,-2.76685,2.28717,0.410154,-0.0104634,3.71166,0.00558641,1.5,1.0,0.00274689259732,-0.587588228855,-1.9069000856
