_MeanReward,Steps,_Episode,_mean_discrew,_min_discrew,_max_discrew,_std_discrew,_mean_adv,_min_adv,_max_adv,_std_adv,_mean_obs,_min_obs,_max_obs,_std_obs,_mean_act,_min_act,_max_act,_std_act,PolicyLoss,PolicyEntropy,KL,Beta,_lr_multiplier,ValFuncLoss,ExplainedVarNew,ExplainedVarOld
-112.608,523,5,-0.401084807785,-0.501622438591,-0.284619174039,0.00456582734275,1.25669604317e-16,-2.35311567715,2.86826689429,0.999988792431,0.00532655509194,-0.714585380224,2.11334666824,0.0518693735359,-0.0261467,-2.33485,1.82135,0.375143,-0.0344747,3.66709,0.0125534,1.5,1.0,0.0132036444487,-1.76251036381,-8.85824250236
-126.637,1235,10,-0.259985983057,-0.507810889012,-0.0747899827829,0.0186539368731,6.90405897095e-17,-5.41847431287,1.81871632112,0.99998165043,0.0098300108065,-1.28305574906,1.55718262722,0.0454648322696,-0.00790911,-2.14092,2.32191,0.390724,-0.0209043,3.68778,0.0101286,2.25,1.0,0.00810144535823,0.568265286573,-0.832835662737
-120.003,2133,15,-0.13642710679,-0.500869895032,0.0025469548564,0.0239503536143,-7.99485497339e-17,-4.49310873724,5.43545875341,0.99997900781,0.00929162183258,-0.973320658791,1.599,0.0483460613128,-0.0192655,-2.42846,2.26562,0.393543,-0.00459749,3.70266,0.00165271,2.25,1.0,0.00798749555697,0.667850051913,-0.953917021743
-141.951,2443,20,-0.189969488428,-0.506066037822,-0.0374550375931,0.0189916675476,-1.16339375483e-17,-6.08951955469,3.33542776436,0.999977819344,0.0127902784319,-1.50409350307,1.60723089946,0.0405112399128,-0.0109681,-2.77887,2.82094,0.406999,-0.00533618,3.70912,0.0014608,1.5,1.0,0.0122162143796,0.400261411206,-0.406258138905
-146.031,2576,25,-0.202911574236,-0.5,-0.0331907882405,0.016690317287,-8.27495422081e-18,-4.60979003848,3.89868317029,0.999970359554,0.0033859298241,-0.862472047156,1.23298427917,0.0351437052919,-0.0219365,-2.41506,2.04595,0.414764,-0.007516,3.72233,0.00321012,1.5,1.0,0.00805898861924,0.543429336076,0.33953935858
-134.54,1553,30,-0.245944068587,-0.504167969651,-0.0643579284857,0.0220956937502,0.0,-3.14814447404,3.50471795408,0.999973847516,0.0117405689484,-1.41305084009,1.50305216467,0.0417645483118,-0.0211425,-2.17451,2.70039,0.423408,-0.0140325,3.79656,0.00591003,1.5,1.0,0.0158925496853,0.330752901658,0.296069649816
