_MeanReward,Steps,_Episode,_mean_discrew,_min_discrew,_max_discrew,_std_discrew,_mean_adv,_min_adv,_max_adv,_std_adv,_mean_obs,_min_obs,_max_obs,_std_obs,_mean_act,_min_act,_max_act,_std_act,PolicyLoss,PolicyEntropy,KL,Beta,_lr_multiplier,ValFuncLoss,ExplainedVarNew,ExplainedVarOld
-119.751,367,5,-0.469962038346,-0.504149143681,-0.387582164964,0.000929646910214,-9.68041874333e-17,-2.23039765192,3.21368694968,0.999989652675,0.0456950797599,-0.730572718898,1.47960295764,0.0535650625095,0.0303388,-1.86657,2.17524,0.380869,-0.03408,3.66134,0.012187,1.5,1.0,0.0323272622277,-33.3902783377,-30.2397432628
-119.414,299,10,-0.487907425459,-0.513925515821,-0.427420008701,0.000344424057868,0.0,-2.01448571178,2.88872928191,0.999992617866,0.0270172680819,-1.06604022615,1.33098581811,0.0477156390214,-0.00139718,-2.24173,1.95212,0.400817,-0.0444907,3.67304,0.0130606,2.25,1.0,0.071745590855,-156.525899656,-474.419722385
-126.237,780,15,-0.358335167632,-0.511441117032,-0.152902358051,0.0151691213973,2.50511861967e-17,-5.41710879715,1.90772643436,0.999991470435,-0.0279719427476,-1.45768664072,1.499258352,0.039778391215,-0.0646718,-2.37992,2.42296,0.38242,-0.0130066,3.70881,0.00441129,2.25,1.0,0.0209763827667,-0.326275921295,-4.02770177608
-117.091,362,20,-0.454072311297,-0.521318154698,-0.32400844988,0.0030403460835,-4.90706309227e-17,-2.90261091251,2.30529934383,0.999981267204,0.00917193945165,-0.855214131763,1.18212441359,0.0476751572815,-0.0226504,-2.0005,2.01438,0.382193,-0.033689,3.71817,0.010543,3.375,1.0,0.0285196194079,-0.687523849616,-2.17996297528
-134.007,844,25,-0.399028919965,-0.511879789497,-0.197981844513,0.00790703558644,-1.0102503352e-16,-3.25640956362,2.08008488684,0.99998044895,0.00160706372867,-1.62359021632,1.16535593957,0.0437847977455,-0.0231992,-2.3247,2.27225,0.41601,-0.00909732,3.7131,0.00244789,3.375,1.0,0.0275926212291,-0.159475162345,-1.42406339369
-124.116,697,30,-0.380938783045,-0.502428992301,-0.162446748453,0.0120249264512,-4.07772014783e-17,-4.88144173562,1.97641438197,0.999979258751,-0.00531876868883,-0.888133490942,1.40266461413,0.0393649588374,-0.00918749,-1.78384,2.52035,0.40399,-0.012573,3.80052,0.00402643,3.375,1.0,0.019315239623,-0.294589201826,-0.041967201744
