_MeanReward,Steps,_Episode,_mean_discrew,_min_discrew,_max_discrew,_std_discrew,_mean_adv,_min_adv,_max_adv,_std_adv,_mean_obs,_min_obs,_max_obs,_std_obs,_mean_act,_min_act,_max_act,_std_act,PolicyLoss,PolicyEntropy,KL,Beta,_lr_multiplier,ValFuncLoss,ExplainedVarNew,ExplainedVarOld
-123.172,440,5,-0.4341378655,-0.505233503124,-0.281807906457,0.00581500882007,-9.689219124e-17,-3.19198696644,2.01440003188,0.999990047745,0.0574085388289,-0.862337426218,1.77251358283,0.0541098937051,-0.0216792,-1.8455,2.4213,0.398959,-0.0298864,3.66705,0.0127207,1.5,1.0,0.0520631222741,-7.51061857202,-3.98018650091
-122.864,402,10,-0.45256253364,-0.512005196404,-0.325528624286,0.00361666531173,4.86067791876e-17,-3.41189938905,2.23249704433,0.999986016144,0.038914941264,-1.61689231055,1.49822488013,0.0518225786245,-0.00996495,-2.13701,2.17865,0.420523,-0.0349244,3.68558,0.0129154,2.25,1.0,0.0175234198407,-1.70525366773,-11.2244094495
-128.458,442,15,-0.468640776844,-0.522909846833,-0.346061695372,0.0021520112123,-1.28605020047e-16,-2.53267654382,2.12409308134,0.99998297352,0.014223212952,-1.23570185234,1.0689081712,0.0479405469562,-0.0399364,-2.22591,2.15536,0.381957,-0.0212765,3.70679,0.00741994,3.375,1.0,0.0146901984743,-2.65682619216,-41.3092794281
-131.353,629,20,-0.41874613366,-0.504690967473,-0.250872554191,0.00696860418648,1.1296386896e-17,-2.30236631453,3.63926172012,0.999980135018,0.00450355079198,-0.802667208579,1.44366056886,0.0443681358017,-0.0514918,-2.12355,1.95858,0.402112,-0.0124407,3.73399,0.00424715,3.375,1.0,0.00762658733291,-0.0897317592938,-5.82163894106
-118.918,339,25,-0.469275489913,-0.513762698189,-0.350810780749,0.00197055404137,6.28798881204e-17,-3.39939776866,2.41348777628,0.999971124971,0.0122474890565,-0.826364723618,0.936764401107,0.0469928499575,-0.0255068,-2.31705,2.73551,0.42061,-0.0383764,3.76717,0.0109657,5.0625,1.0,0.00647634334133,-0.818682718703,-7.3291405509
-123.499,344,30,-0.484875855898,-0.512868720246,-0.424224051292,0.000379883817952,4.13106241721e-17,-3.42346186176,2.95333990027,0.999938314068,0.0220209088488,-0.839487107345,1.29291825936,0.0462889413493,-0.0316129,-2.08717,2.29124,0.388113,-0.0201042,3.79625,0.00417978,5.0625,1.0,0.0045375688207,-8.44245610697,-31.4376777685
