_MeanReward,Steps,_Episode,_mean_discrew,_min_discrew,_max_discrew,_std_discrew,_mean_adv,_min_adv,_max_adv,_std_adv,_mean_obs,_min_obs,_max_obs,_std_obs,_mean_act,_min_act,_max_act,_std_act,PolicyLoss,PolicyEntropy,KL,Beta,_lr_multiplier,ValFuncLoss,ExplainedVarNew,ExplainedVarOld
-116.17,354,5,-0.465659145175,-0.507072722683,-0.374429269094,0.00122829593575,-6.02154860814e-17,-2.53485862379,2.68738109821,0.999984050799,0.0101290650588,-1.24542458567,1.65780144637,0.0785713475555,-0.103077,-2.19849,2.19182,0.388988,-0.0415032,3.67591,0.0130316,1.5,1.0,0.0183473079449,-1.94396860985,-8.57938816655
