_MeanReward,Steps,_Episode,_mean_discrew,_min_discrew,_max_discrew,_std_discrew,_mean_adv,_min_adv,_max_adv,_std_adv,_mean_obs,_min_obs,_max_obs,_std_obs,_mean_act,_min_act,_max_act,_std_act,PolicyLoss,PolicyEntropy,KL,Beta,_lr_multiplier,ValFuncLoss,ExplainedVarNew,ExplainedVarOld
-136.863,1415,5,-0.271645796902,-0.501867866435,-0.0619359834994,0.0204477668891,2.00860137317e-17,-2.91782874203,2.61754744111,0.99998453413,0.0217263791642,-1.07321343382,1.33787926868,0.0465427734668,0.00352701,-2.1463,2.06828,0.383986,-0.0151597,3.65954,0.00943201,1.5,1.0,0.0109515679696,0.464594563762,-0.419316823715
