_MeanReward,Steps,_Episode,_mean_discrew,_min_discrew,_max_discrew,_std_discrew,_mean_adv,_min_adv,_max_adv,_std_adv,_mean_obs,_min_obs,_max_obs,_std_obs,_mean_act,_min_act,_max_act,_std_act,PolicyLoss,PolicyEntropy,KL,Beta,_lr_multiplier,ValFuncLoss,ExplainedVarNew,ExplainedVarOld
-132.889,565,5,-0.459304033896,-0.523561217711,-0.331424242657,0.00210097826485,3.77279328722e-17,-2.42839478397,2.71575159629,0.999990661401,0.0322172587466,-1.85122854072,1.08531652431,0.0548594687788,0.0133028,-1.86458,1.89083,0.396642,-0.034596,3.67133,0.0121535,1.5,1.0,0.0150551301635,-5.54727882309,-15.5201156941
