_MeanReward,Steps,_Episode,_mean_discrew,_min_discrew,_max_discrew,_std_discrew,_mean_adv,_min_adv,_max_adv,_std_adv,_mean_obs,_min_obs,_max_obs,_std_obs,_mean_act,_min_act,_max_act,_std_act,PolicyLoss,PolicyEntropy,KL,Beta,_lr_multiplier,ValFuncLoss,ExplainedVarNew,ExplainedVarOld
-122.569,538,5,-0.395818909589,-0.504469961459,-0.222033178309,0.00978101740207,5.28284561903e-17,-3.47589003563,2.05378258339,0.999989677574,0.0113689567666,-0.908641523209,1.75695076709,0.0527791937568,-0.0469573,-2.26804,1.85622,0.38931,-0.0333749,3.73394,0.0136911,1.5,1.0,0.0246093524653,-0.867911103533,-1.47225277956
-125.063,484,10,-0.446517701788,-0.500189880086,-0.321269516265,0.00236830345971,1.46806350364e-17,-2.58732381124,2.8190013907,0.999972365619,0.00379773755598,-0.785628565069,1.10801791196,0.0403864591816,-0.0230244,-2.38415,2.22659,0.406268,-0.0275351,3.77581,0.0114141,2.25,1.0,0.00786278859669,-2.27359655532,-6.9238736698
-121.249,406,15,-0.456964279663,-0.510079497064,-0.368381779954,0.00151767468233,1.75010526049e-17,-3.00356855374,2.40218657774,0.999980942128,0.016375376647,-1.20250915536,1.0941761448,0.0529755492373,-0.0148755,-2.23596,2.05338,0.40758,-0.0192927,3.81094,0.00870259,3.375,1.0,0.0151011792286,-3.71533154277,-5.47663392943
