_MeanReward,Steps,_Episode,_mean_discrew,_min_discrew,_max_discrew,_std_discrew,_mean_adv,_min_adv,_max_adv,_std_adv,_mean_obs,_min_obs,_max_obs,_std_obs,_mean_act,_min_act,_max_act,_std_act,PolicyLoss,PolicyEntropy,KL,Beta,_lr_multiplier,ValFuncLoss,ExplainedVarNew,ExplainedVarOld
-133.82,817,5,-0.379625937276,-0.511019293908,-0.177486504173,0.0114362285196,6.95757880793e-17,-3.51575728486,2.16778665432,0.999986212207,-0.0666464811964,-1.74615738377,1.65412130031,0.0431174482411,-0.0575266,-2.66098,2.57016,0.368494,-0.0225972,3.69885,0.00951873,1.5,1.0,0.00965613782812,0.15721866663,-0.648584762057
-120.063,517,10,-0.410693755305,-0.506340049855,-0.271461546627,0.00628048409622,5.49742929021e-17,-2.45183400167,2.43447944779,0.999983614434,-0.00319130287671,-0.85334991726,1.02414618114,0.0502321275727,-0.0151135,-2.36917,2.8855,0.399235,-0.0239397,3.72864,0.0109075,2.25,1.0,0.0110800717678,-0.339812137686,-0.38517670275
-120.021,397,15,-0.45952856567,-0.505024580779,-0.354853401455,0.00142338005961,1.78978019083e-17,-2.52929475674,2.01907455562,0.999982195006,0.0307173179326,-1.49741590203,1.1171841891,0.0543917342056,0.0103366,-2.62342,2.06922,0.42776,-0.0265179,3.71986,0.00821958,3.375,1.0,0.00573619731949,-0.913693677181,-18.628227724
-124.807,938,20,-0.343190598856,-0.5,-0.170227718286,0.0101093902648,3.78754123539e-17,-4.48820436011,2.235386017,0.999983825917,-0.0167569463758,-0.984014518486,1.05883279483,0.0430880090817,-0.00621315,-2.08082,2.34566,0.401109,-0.0110469,3.66221,0.00251751,3.375,1.0,0.00495620313243,0.552180222303,-1.0884286682
