_MeanReward,Steps,_Episode,_mean_discrew,_min_discrew,_max_discrew,_std_discrew,_mean_adv,_min_adv,_max_adv,_std_adv,_mean_obs,_min_obs,_max_obs,_std_obs,_mean_act,_min_act,_max_act,_std_act,PolicyLoss,PolicyEntropy,KL,Beta,_lr_multiplier,ValFuncLoss,ExplainedVarNew,ExplainedVarOld
-134.582,1787,5,-0.229707809444,-0.501207674066,-0.0632221113446,0.0180260768203,3.18094117856e-17,-4.68597073207,2.20467767962,0.99999064049,0.00320720867939,-1.03687195242,1.11545169252,0.0434719217043,-0.0506639,-2.27553,2.1831,0.386807,-0.0161801,3.69015,0.00850959,1.5,1.0,0.00662153047925,0.632930950506,-3.72393841465
-111.477,354,10,-0.450620471879,-0.5,-0.359883316059,0.00142735826963,1.80646458244e-16,-3.06113179707,2.66055342469,0.999974852565,0.0587601222733,-1.18621208224,1.43161556415,0.0635127633137,0.0381974,-2.74452,2.33384,0.42069,-0.0356036,3.75028,0.0107625,2.25,1.0,0.0312641251931,-20.6337144169,-7.19746362862
-123.924,1052,15,-0.263841927752,-0.503262346792,-0.0723296996148,0.0241386056964,0.0,-2.56967118089,4.11935839464,0.999983181512,0.0116088374158,-0.857536916506,1.23131432268,0.050880299696,-0.0587237,-2.23543,2.18552,0.411778,-0.00973467,3.74521,0.00297885,2.25,1.0,0.00925629366164,0.625762792177,-1.19852962692
-110.491,347,20,-0.447357542648,-0.5,-0.344806676801,0.00163881839844,-2.04767359009e-17,-4.4835247592,2.03635621308,0.999979891082,0.0382189297578,-0.828126975035,1.05156669342,0.0552745935014,0.0110628,-2.16896,2.15835,0.415264,-0.0264906,3.66541,0.00816975,3.375,1.0,0.00731745722622,-2.71629709602,-5.85487531218
