_MeanReward,Steps,_Episode,_mean_discrew,_min_discrew,_max_discrew,_std_discrew,_mean_adv,_min_adv,_max_adv,_std_adv,_mean_obs,_min_obs,_max_obs,_std_obs,_mean_act,_min_act,_max_act,_std_act,PolicyLoss,PolicyEntropy,KL,Beta,_lr_multiplier,ValFuncLoss,ExplainedVarNew,ExplainedVarOld
-131.125,1039,5,-0.271502194321,-0.505572978751,-0.0864196378046,0.0263375697364,2.73548695192e-17,-4.12943025849,2.69134695396,0.999988077045,0.00134458708906,-1.04642504805,1.92086465325,0.0526386672537,-0.0242673,-2.39398,2.26305,0.384857,-0.0231176,3.64459,0.00859953,1.5,1.0,0.0184186074393,0.31413529165,-0.460209987068
-129.029,588,10,-0.435393065186,-0.508241784267,-0.297557241951,0.00354286904542,-4.83362405279e-17,-2.61152642973,3.60026585885,0.9999743197,0.0382137286349,-1.12445411595,0.954757168855,0.0572400675908,0.0381151,-2.0662,2.2893,0.393487,-0.023965,3.62417,0.0108574,2.25,1.0,0.0142157656322,-0.339608952086,-1.07750824796
