_MeanReward,Steps,_Episode,_mean_discrew,_min_discrew,_max_discrew,_std_discrew,_mean_adv,_min_adv,_max_adv,_std_adv,_mean_obs,_min_obs,_max_obs,_std_obs,_mean_act,_min_act,_max_act,_std_act,PolicyLoss,PolicyEntropy,KL,Beta,_lr_multiplier,ValFuncLoss,ExplainedVarNew,ExplainedVarOld
-131.966,634,5,-0.434639475757,-0.510472315714,-0.291252179933,0.00359497043327,-4.48291946852e-17,-2.72539428608,2.61910781308,0.999989419338,0.00415862698631,-1.0536058067,1.25162257912,0.0448725591755,-0.0095828,-1.96177,2.04839,0.380652,-0.0251679,3.6242,0.0125863,1.5,1.0,0.0180760850542,-1.50544452816,-10.4611779457
-129.986,572,10,-0.450567517541,-0.508404627493,-0.349997215498,0.00174234261093,-4.96883032e-17,-2.73600599902,2.46430143414,0.999977847447,0.00501844076022,-1.08033947508,1.26753118896,0.0495792210254,0.0358007,-2.07435,2.43971,0.388559,-0.0318877,3.66077,0.0120538,2.25,1.0,0.00245440580478,-0.375114612779,-34.4002335344
