_MeanReward,Steps,_Episode,_mean_discrew,_min_discrew,_max_discrew,_std_discrew,_mean_adv,_min_adv,_max_adv,_std_adv,_mean_obs,_min_obs,_max_obs,_std_obs,_mean_act,_min_act,_max_act,_std_act,PolicyLoss,PolicyEntropy,KL,Beta,_lr_multiplier,ValFuncLoss,ExplainedVarNew,ExplainedVarOld
-120.429,4091,5,-0.100164886724,-0.5,-0.000223330964218,0.0136417302496,-1.38947491715e-17,-4.70211599432,2.80401499486,0.999985392468,0.00169994034677,-0.919562321248,1.599,0.0383160895927,-0.0815586,-2.81668,2.5502,0.382898,-0.0102638,3.66767,0.00635912,1.5,1.0,0.00713960241312,0.476636820197,-2.31716112345
-118.968,3874,10,-0.0960922832306,-0.503131173185,-0.000148483988596,0.0130164282976,-3.66826399463e-17,-4.16253273661,4.47458084692,0.999974186187,0.01325576468,-1.37985934323,1.599,0.0434330647239,-0.0504664,-2.43233,2.32388,0.381781,-0.00511326,3.61799,0.00254997,1.5,1.0,0.00589120648925,0.547402244513,0.205518273537
