_MeanReward,Steps,_Episode,_mean_discrew,_min_discrew,_max_discrew,_std_discrew,_mean_adv,_min_adv,_max_adv,_std_adv,_mean_obs,_min_obs,_max_obs,_std_obs,_mean_act,_min_act,_max_act,_std_act,PolicyLoss,PolicyEntropy,KL,Beta,_lr_multiplier,ValFuncLoss,ExplainedVarNew,ExplainedVarOld
-122.65,1549,20,-0.462963101178,-0.531011899831,-0.285818637672,0.00334820857593,3.66968488449e-17,-3.21582375261,2.88514190182,0.999987378733,-0.0418224225087,-1.20251320113,1.35302777694,0.0624080954932,0.0727768,-2.37863,2.68696,0.39549,-0.0203706,3.67734,0.00932929,1.5,1.0,0.00365814381535,0.291315152209,-3.9796786425
-126.006,1966,40,-0.442027870598,-0.518030813798,-0.279144732105,0.00429473904945,-4.69840059251e-17,-5.19602969643,2.55931105973,0.999963433391,-0.0480336416651,-1.02017316432,1.08892394925,0.0491724931377,-0.0292081,-3.23958,2.30905,0.391242,-0.0100458,3.69705,0.00637796,2.25,1.0,0.00476059750626,0.164489327042,0.0892452593371
-124.686,1434,60,-0.485367432402,-0.520430653154,-0.389699797043,0.000648322557436,1.38739167373e-16,-2.48720498892,3.5684657315,0.99993908941,0.0175310337561,-0.998862306501,1.12932149787,0.0482004760675,0.0186116,-2.32669,2.35524,0.388914,-0.0117196,3.64502,0.00608369,3.375,1.0,0.00202843641686,-0.696983082696,-3.43069583436
-125.333,2019,80,-0.439562046291,-0.525904503411,-0.308195628926,0.00365394057002,2.11156830835e-17,-2.341573311,3.55163271716,0.999961125347,-0.0156616920745,-0.908536300143,0.888449888184,0.0442330718646,0.0146198,-2.03178,2.62176,0.393229,-0.00543846,3.65891,0.00170295,3.375,1.0,0.00287065798942,0.221589563709,-2.07879413579
-124.446,1682,100,-0.46201030366,-0.521696298101,-0.300135786742,0.00279817807705,-5.0692704097e-17,-2.51375164648,2.72888162384,0.999940963169,0.014785305713,-1.15687797647,0.975473205846,0.0532635849266,0.0177455,-2.45842,2.04164,0.410604,-0.00556521,3.69401,0.00190317,3.375,1.0,0.00184882962063,0.505903597839,-0.32029171821
