_MeanReward,Steps,_Episode,_mean_discrew,_min_discrew,_max_discrew,_std_discrew,_mean_adv,_min_adv,_max_adv,_std_adv,_mean_obs,_min_obs,_max_obs,_std_obs,_mean_act,_min_act,_max_act,_std_act,PolicyLoss,PolicyEntropy,KL,Beta,_lr_multiplier,ValFuncLoss,ExplainedVarNew,ExplainedVarOld
-123.848,2531,20,-0.395411058152,-0.514250198865,-0.180448038202,0.00837203664702,0.0,-3.38904545773,2.60820506753,0.999987747881,-0.0737945025257,-1.62363903882,1.11924734607,0.0514096272638,0.0707206,-2.37255,2.63239,0.384548,-0.0217568,3.66784,0.00986667,1.5,1.0,0.0162963737159,-0.487266249389,-3.57692682296
-122.584,2300,40,-0.391463829946,-0.521127056302,-0.174398851661,0.010932393517,-2.47145299395e-17,-3.11894198173,2.17685169866,0.999982335336,-0.0326995656478,-1.05695285008,1.31349239455,0.0494840642953,-0.0246723,-2.66328,2.67662,0.396181,-0.00733237,3.68929,0.00449699,1.5,1.0,0.0163841037759,-0.0631277147469,-0.808922324148
-122.066,2091,60,-0.414626142311,-0.522748420945,-0.150128604986,0.00882347652691,-2.71848009856e-17,-2.60877002177,2.91040105057,0.999976062876,-0.000655665744565,-1.28250797218,1.14460586189,0.0511891365487,-0.00439042,-2.97206,2.65199,0.395987,-0.00948903,3.67858,0.00478783,1.5,1.0,0.0192415000387,-0.291967655993,-0.449548152995
-123.195,2106,80,-0.421574657197,-0.515919657962,-0.23913233867,0.0062803713314,2.02433827852e-17,-2.68306209351,2.93853943084,0.999985029524,0.019549821306,-0.899884784353,1.33853730738,0.0486226368984,0.0233327,-2.49936,2.29762,0.380667,-0.0103571,3.65251,0.00614328,2.25,1.0,0.0189114242383,-1.36503088484,-1.8827585461
-122.775,1977,100,-0.432211138937,-0.513179668592,-0.217953274748,0.00547442429612,0.0,-2.33148529363,2.80328456632,0.999989408806,0.0143845693364,-1.15029495811,0.950456003586,0.0482871736488,0.0358558,-2.61828,2.42624,0.390916,-0.0065572,3.70592,0.00307796,2.25,1.0,0.0186834539045,-1.1043268959,-9.7123901432
