_MeanReward,Steps,_Episode,_mean_discrew,_min_discrew,_max_discrew,_std_discrew,_mean_adv,_min_adv,_max_adv,_std_adv,_mean_obs,_min_obs,_max_obs,_std_obs,_mean_act,_min_act,_max_act,_std_act,PolicyLoss,PolicyEntropy,KL,Beta,_lr_multiplier,ValFuncLoss,ExplainedVarNew,ExplainedVarOld
-133.939,6828,20,-0.215549502565,-0.512732800106,-0.0261111863371,0.0223459202181,-4.1625233495e-17,-5.33126773334,3.13241322609,0.999989684264,0.0212867537062,-2.44099197999,2.3081356536,0.0660462688938,0.0808323,-2.50162,2.8259,0.397032,-0.00686857,3.69569,0.00662563,1.5,1.0,0.0100105087826,0.555310032874,-1.5280381789
-132.444,5250,40,-0.267425583655,-0.512627828876,-0.0419948450092,0.0230376340438,2.70682946956e-17,-4.17847943976,3.67395394077,0.999976216515,0.00244895617891,-2.0038549503,2.2182063019,0.0560279152433,0.0225447,-2.41748,2.51573,0.398429,-0.0067368,3.68084,0.00393289,1.5,1.0,0.0136907490458,0.409540420864,0.290733122646
-133.212,6463,60,-0.226855566814,-0.51270463555,-0.0590710460966,0.0216250039559,8.79520638416e-18,-4.681012817,3.26370694997,0.999967453801,0.00141272378171,-1.53046777181,1.77421796746,0.0481134594339,0.0226157,-2.39233,2.63214,0.396773,-0.00408259,3.6889,0.00297402,1.5,1.0,0.0119496445775,0.452110527793,0.362993170423
-137.876,10550,80,-0.167640033701,-0.51061799614,0.00161258922824,0.0181951789694,-1.07760035755e-17,-4.15497890659,5.25787813525,0.999981290091,0.00574114473501,-1.25876548017,1.599,0.0540374632088,0.0368995,-3.00937,2.59693,0.389166,-0.00273025,3.64977,0.00185875,1.5,1.0,0.00939558587464,0.484791619546,-2.07970682122
-144.602,13972,100,-0.148157786976,-0.506659442221,-0.000105026345409,0.015001164781,2.84786667639e-17,-5.49516558908,8.36229561271,0.999971719337,0.00732396103136,-1.61599874883,1.599,0.0371090696435,0.0304855,-2.3382,2.50536,0.389374,-0.00189124,3.65553,0.00102954,1.0,1.0,0.0106133457494,0.29777776085,-0.433597614768
