_MeanReward,Steps,_Episode,_mean_discrew,_min_discrew,_max_discrew,_std_discrew,_mean_adv,_min_adv,_max_adv,_std_adv,_mean_obs,_min_obs,_max_obs,_std_obs,_mean_act,_min_act,_max_act,_std_act,PolicyLoss,PolicyEntropy,KL,Beta,_lr_multiplier,ValFuncLoss,ExplainedVarNew,ExplainedVarOld
-133.286,883,3,-0.251979760682,-0.511895564791,-0.0732019598389,0.0229540387852,-3.21876663991e-17,-5.15588665113,2.0106220885,0.999986951328,0.0732368227105,-1.03669728167,1.35727423387,0.0517176280191,0.0831159,-2.33127,2.58727,0.386456,-0.025597,3.66633,0.0123101,1.5,1.0,0.0129887231858,0.505479278106,-1.15128442407
-132.121,656,6,-0.331014425422,-0.5,-0.193337850439,0.00969943453498,-1.08314441427e-17,-3.1636153069,2.83668774178,0.999980614935,-0.00966637207664,-0.833742837227,1.28820194444,0.0361544316205,0.0419648,-2.23823,2.06833,0.390883,-0.0275447,3.67251,0.0104148,2.25,1.0,0.0120231097499,-0.203109573399,-1.93335843991
-144.32,1583,9,-0.201328393192,-0.5,-0.0530300214723,0.0175470942708,1.79543331841e-17,-5.58380205115,2.5815343567,0.999985855537,0.00909222186747,-0.985222020125,1.22715839618,0.0494003659361,0.0158055,-2.41124,2.43795,0.389102,-0.0105718,3.69868,0.00422683,2.25,1.0,0.0163143623217,0.189708532387,-2.95897448911
