_MeanReward,Steps,_Episode,_mean_discrew,_min_discrew,_max_discrew,_std_discrew,_mean_adv,_min_adv,_max_adv,_std_adv,_mean_obs,_min_obs,_max_obs,_std_obs,_mean_act,_min_act,_max_act,_std_act,PolicyLoss,PolicyEntropy,KL,Beta,_lr_multiplier,ValFuncLoss,ExplainedVarNew,ExplainedVarOld
-127.55,364,3,-0.426038051432,-0.513243660501,-0.283337839023,0.00578883812637,-1.366428338e-16,-2.77189574007,2.05875517727,0.999985550338,0.0250452460037,-0.91713631408,1.18105996518,0.0494027672845,-0.00146338,-1.93602,2.41045,0.432405,-0.0371111,3.67801,0.0150557,1.5,1.0,0.0267265851888,-2.93972291727,0.0679177546762
-126.203,221,6,-0.489171819616,-0.516469374525,-0.445313580321,0.000314556521006,-8.03781375294e-17,-2.23337703953,2.18281341393,0.999992856466,0.0418441941054,-0.783698619223,1.04512032231,0.0499688976213,0.0186092,-2.28943,1.89227,0.425839,-0.0234004,3.68507,0.0128698,2.25,1.0,0.0232251389713,-9.25708165452,-200.561150161
-126.653,262,9,-0.472958996772,-0.501325205417,-0.421143627227,0.000578796191446,2.71199517466e-17,-2.47936415257,2.22226092995,0.999982901597,0.00430481314377,-0.903118013499,1.01048434835,0.050248735064,-0.0121633,-2.12456,2.15714,0.456661,-0.0396299,3.7268,0.0115115,3.375,1.0,0.0155309755203,-9.45454899926,-11.4214813275
