_MeanReward,Steps,_Episode,_mean_discrew,_min_discrew,_max_discrew,_std_discrew,_mean_adv,_min_adv,_max_adv,_std_adv,_mean_obs,_min_obs,_max_obs,_std_obs,_mean_act,_min_act,_max_act,_std_act,PolicyLoss,PolicyEntropy,KL,Beta,_lr_multiplier,ValFuncLoss,ExplainedVarNew,ExplainedVarOld
-127.42,890,3,-0.24443797595,-0.5,-0.0745425219779,0.0196469654271,1.27738019912e-16,-4.09849197889,1.44057072876,0.999991392156,0.0297838437371,-2.07665858689,1.67931134743,0.0957114724465,-0.0319971,-2.34958,2.23295,0.398401,-0.021298,3.67368,0.0134516,1.5,1.0,0.0149036004518,0.242624787506,-2.91767418812
-116.726,434,6,-0.372386669023,-0.5,-0.222640033347,0.0062083320086,-1.63719524369e-17,-2.66728638066,2.24548224722,0.99997593108,0.0970577745264,-1.54381211579,1.27397213667,0.0914620973528,0.0723021,-2.06868,2.3989,0.408979,-0.030189,3.66988,0.0139909,2.25,1.0,0.00759881481859,0.0681848258881,-7.60839229345
-111.381,316,9,-0.40374389653,-0.50681525594,-0.291145284802,0.00401135321447,2.24855296127e-17,-2.41742410956,2.90553636899,0.999971344437,0.114238193867,-1.07911020001,1.10373504618,0.0515727916578,0.096305,-2.14455,2.31556,0.400336,-0.037613,3.65772,0.0103567,3.375,1.0,0.00303090195523,0.298352913571,-6.27315663477
