_MeanReward,Steps,_Episode,_mean_discrew,_min_discrew,_max_discrew,_std_discrew,_mean_adv,_min_adv,_max_adv,_std_adv,_mean_obs,_min_obs,_max_obs,_std_obs,_mean_act,_min_act,_max_act,_std_act,PolicyLoss,PolicyEntropy,KL,Beta,_lr_multiplier,ValFuncLoss,ExplainedVarNew,ExplainedVarOld
-105.732,5103,5,-0.0699386948743,-0.500665231207,-2.65809158009e-05,0.00672919471047,-1.11392159241e-17,-4.03684099806,2.59259419468,0.999992445578,0.0467834118661,-1.80805149846,1.86351491467,0.0471970142858,-0.00748091,-2.4724,2.41927,0.406328,-0.00755877,3.68795,0.00605458,1.5,1.0,0.00150462205472,0.779549138814,-11.9030362394
-95.5392,8000,10,-0.0501358162116,-0.10726447123,-6.80936354911e-05,0.000212068626654,3.5527136788e-17,-5.11983946296,7.17816255983,0.999947842218,0.0351579632849,-2.13804545296,1.599,0.0381927050293,0.0157819,-2.76898,2.66421,0.409274,-0.00334122,3.67116,0.00214361,1.5,1.0,0.000712504419158,-2.18929457666,-10.9705728341
