_MeanReward,Steps,_Episode,_mean_discrew,_min_discrew,_max_discrew,_std_discrew,_mean_adv,_min_adv,_max_adv,_std_adv,_mean_obs,_min_obs,_max_obs,_std_obs,_mean_act,_min_act,_max_act,_std_act,PolicyLoss,PolicyEntropy,KL,Beta,_lr_multiplier,ValFuncLoss,ExplainedVarNew,ExplainedVarOld
-122.308,381,5,-0.471687032131,-0.511198419533,-0.390619782349,0.000903898287225,-2.42442403278e-16,-2.60796368018,2.36775898041,0.999987982347,-0.0105182170791,-1.83947995066,1.08924770529,0.0689313911413,-0.0398667,-2.0384,2.31863,0.421292,-0.0357357,3.67539,0.0130206,1.5,1.0,0.0274662119554,-20.3385890601,-34.7194066141
-121.839,444,10,-0.44624328353,-0.511215396569,-0.308823159416,0.00369757005038,-6.40128590775e-17,-2.20274144276,2.34786561092,0.999983180211,-0.0126635215472,-0.931249838799,0.904056435446,0.0532162835984,-0.0565273,-2.25117,1.81086,0.411667,-0.033776,3.74521,0.0121416,2.25,1.0,0.0184521724102,-3.98734215175,-66.615055751
