_MeanReward,Steps,_Episode,_mean_discrew,_min_discrew,_max_discrew,_std_discrew,_mean_adv,_min_adv,_max_adv,_std_adv,_mean_obs,_min_obs,_max_obs,_std_obs,_mean_act,_min_act,_max_act,_std_act,PolicyLoss,PolicyEntropy,KL,Beta,_lr_multiplier,ValFuncLoss,ExplainedVarNew,ExplainedVarOld
-134.779,982,5,-0.3852189256,-0.503699374674,-0.246900590323,0.00536838035748,-5.78853552554e-17,-2.8185266826,2.35623104973,0.999988425388,0.0273766785561,-1.63076081816,1.46005884355,0.0593832069662,0.0233028,-2.35679,2.73183,0.440119,-0.0190142,3.67409,0.0106959,1.5,1.0,0.0166589261753,-0.412845485621,-3.90830312576
-123.908,576,10,-0.423863667834,-0.503160469956,-0.294511399118,0.0034626722409,-9.86864910778e-17,-2.74820978155,2.89351242973,0.999977791531,0.0353431434454,-1.48518476629,1.1542817093,0.0707497171392,0.0398397,-2.27281,2.19728,0.45937,-0.025303,3.69011,0.0111447,2.25,1.0,0.0651565922121,-1.20538408941,-10.784531277
