_MeanReward,Steps,_Episode,_mean_discrew,_min_discrew,_max_discrew,_std_discrew,_mean_adv,_min_adv,_max_adv,_std_adv,_mean_obs,_min_obs,_max_obs,_std_obs,_mean_act,_min_act,_max_act,_std_act,PolicyLoss,PolicyEntropy,KL,Beta,_lr_multiplier,ValFuncLoss,ExplainedVarNew,ExplainedVarOld
-128.226,2904,20,-0.397243955248,-0.511572786649,-0.17095877102,0.00872771040237,-5.87225401455e-17,-3.92534048047,2.49999841999,0.9999872988,-0.0881096223057,-2.39912462982,1.46105024336,0.0644954514854,-0.0321113,-2.80107,2.21548,0.384649,-0.0139193,3.72393,0.00869683,1.5,1.0,0.00623994488502,0.288068852808,-1.98345282805
-125.939,2392,40,-0.408518508322,-0.510751481271,-0.178401884622,0.00839467777946,-2.37639710957e-17,-3.63819668015,2.39465915286,0.999985982176,0.0221452698906,-1.1405547707,1.51907154016,0.0529640521567,-0.00117498,-2.56073,2.57667,0.415193,-0.0112633,3.73987,0.00549258,1.5,1.0,0.0113039948598,-0.324116594301,-1.91285550609
-132.955,3590,60,-0.365713779427,-0.530733114533,-0.128885498833,0.0116914356417,0.0,-3.12267656906,4.27929122589,0.999965407552,-0.0014099019382,-1.72107247872,1.14504312507,0.0459826336515,-0.00363919,-2.54507,3.09326,0.408568,-0.00647445,3.72847,0.00386286,1.5,1.0,0.0110093021747,0.0893852561844,-0.508659158348
-131.928,3704,80,-0.348148141774,-0.507623283881,-0.100963529247,0.0144142395269,3.8366238432e-17,-3.58596693336,2.15693873689,0.999976631035,-0.00209798724683,-1.05383053133,1.17580509678,0.0448635048355,-0.00356429,-2.43312,2.6667,0.415639,-0.00606699,3.69951,0.00348943,1.5,1.0,0.0101811770027,0.294416573543,-0.91676507744
-131.043,3555,100,-0.365179469658,-0.511919427302,-0.151258239618,0.0105727047805,1.59897099468e-17,-5.29738835558,3.22955442324,0.999972362633,-0.0016757414654,-1.14579601021,1.03074001696,0.0436566495089,0.0114589,-2.28792,2.72856,0.405805,-0.00672063,3.73652,0.00532311,1.5,1.0,0.00869964836007,0.216147852041,-0.104578739087
