_MeanReward,Steps,_Episode,_mean_discrew,_min_discrew,_max_discrew,_std_discrew,_mean_adv,_min_adv,_max_adv,_std_adv,_mean_obs,_min_obs,_max_obs,_std_obs,_mean_act,_min_act,_max_act,_std_act,PolicyLoss,PolicyEntropy,KL,Beta,_lr_multiplier,ValFuncLoss,ExplainedVarNew,ExplainedVarOld
-95.9721,24334,20,-0.054441970937,-0.502964776216,0.00369823815332,0.00245334607746,-3.73754706079e-17,-10.9166792311,3.41307571393,0.999977497839,0.0217870943156,-4.29564049456,4.03654025311,0.072340470059,0.0148155,-2.99358,3.15722,0.381867,-0.00254359,3.67647,0.00130237,0.666666666667,1.0,0.00024462832995,0.900761436153,-3.01694059116
-166.066,23585,40,-0.123922059769,-0.5,-0.000246011448326,0.0104646372669,4.82030263819e-18,-7.91943347733,4.60620212776,0.99996817739,0.0416610717058,-1.41849498896,1.599,0.0406956603095,0.000446104,-3.09812,3.00116,0.392952,-0.00287508,3.71893,0.0021054,0.666666666667,1.0,0.00776273176205,0.28459131493,-0.390539963509
-153.56,18451,60,-0.129525399973,-0.5,0.000539373057687,0.013195634515,5.23732112424e-17,-8.8612505152,8.06183916636,0.999970551246,0.0371004844432,-1.75497247053,2.19175141847,0.0397557773232,0.0132904,-2.58437,2.81638,0.398236,-0.00393188,3.74007,0.00354299,0.666666666667,1.0,0.00884818424253,0.333073430724,-0.556709611026
-132.668,14180,80,-0.129397674624,-0.502815174047,-4.59495203092e-05,0.014738630134,-3.20696298227e-17,-6.88543824725,3.30493483829,0.99996833089,0.0365182562419,-1.28558451765,2.18383114014,0.04251879557,0.0232633,-2.73161,2.74996,0.397258,-0.00437826,3.70568,0.00580073,0.666666666667,1.0,0.00696267566868,0.527700815992,0.101540693275
-133.84,25217,100,-0.0891417864845,-0.5,0.00323140189812,0.00736505310116,7.32605430058e-18,-11.8154820658,6.64111710243,0.999959212546,0.0346093093072,-1.51927731588,1.599,0.0352669721352,0.0339551,-2.80477,3.14002,0.391279,-0.00181176,3.68995,0.00199403,0.666666666667,1.0,0.00488932017871,0.391039096437,0.0688551230425
