_MeanReward,Steps,_Episode,_mean_discrew,_min_discrew,_max_discrew,_std_discrew,_mean_adv,_min_adv,_max_adv,_std_adv,_mean_obs,_min_obs,_max_obs,_std_obs,_mean_act,_min_act,_max_act,_std_act,PolicyLoss,PolicyEntropy,KL,Beta,_lr_multiplier,ValFuncLoss,ExplainedVarNew,ExplainedVarOld
-128.609,1717,20,-0.478090818111,-0.529717607266,-0.381596514764,0.000669371069009,-9.62150180922e-17,-3.44501447839,2.98928944487,0.99999148051,0.0298234959479,-0.904046157571,1.49948189385,0.0542903917175,-0.0667073,-2.61898,2.47582,0.437512,-0.016198,3.71793,0.00994204,1.5,1.0,0.00132034321414,-0.840696348808,-62.9471582633
-128.238,1694,40,-0.47630511935,-0.52914100521,-0.330664373067,0.00155188088993,4.19446715325e-17,-2.23311451272,3.54065467495,0.999944519543,0.0125652372677,-1.43198648019,0.935990516658,0.0479319671128,0.00100676,-2.31278,2.40238,0.432188,-0.0163245,3.73757,0.0100219,2.25,1.0,0.00194772784426,0.141956208552,-1.11161516626
-128.408,1824,60,-0.46921318372,-0.522514740697,-0.364010593877,0.000959459912936,-3.11641550772e-17,-3.15464658547,3.66404888173,0.999926912287,0.0105992615999,-0.926893224747,1.3011401751,0.0479824378435,-8.08093e-05,-2.52717,2.33093,0.449856,-0.0090813,3.71085,0.00370216,2.25,1.0,0.00549722171703,-0.695692395598,-4.37296022105
-127.315,1761,80,-0.467046361109,-0.53033436733,-0.329528123194,0.00166301301719,8.06976417672e-18,-3.25457090949,3.12104145102,0.999942037024,0.020283233626,-1.0852646795,1.10916885884,0.0482909263938,0.0358521,-2.37949,2.72858,0.431583,-0.00816028,3.69788,0.00369835,2.25,1.0,0.00417886670346,-0.276280271636,-7.03767073659
-127.206,1851,100,-0.457562615983,-0.534845095999,-0.305604884545,0.00218149869279,1.91934828676e-17,-2.85106129084,3.52071529178,0.99995492926,-0.00202732782806,-1.17308156987,0.933069408525,0.047674705353,0.0212677,-2.42748,2.44531,0.429456,-0.00917604,3.75217,0.00471343,2.25,1.0,0.00352670932254,0.111234267503,-0.830332983799
