_MeanReward,Steps,_Episode,_mean_discrew,_min_discrew,_max_discrew,_std_discrew,_mean_adv,_min_adv,_max_adv,_std_adv,_mean_obs,_min_obs,_max_obs,_std_obs,_mean_act,_min_act,_max_act,_std_act,PolicyLoss,PolicyEntropy,KL,Beta,_lr_multiplier,ValFuncLoss,ExplainedVarNew,ExplainedVarOld
-127.963,351,5,-0.499831954043,-0.523878880012,-0.451189561143,0.000267686902359,-1.41703679496e-16,-2.25742906214,3.02880381751,0.999990266341,-0.0728481579918,-2.18120418612,2.54867931927,0.0840573222457,-0.148441,-2.47755,1.9938,0.395293,-0.0173916,3.67137,0.0138032,1.5,1.0,0.0918949855011,-201.545439578,-136.370039858
-126.306,315,10,-0.505009108125,-0.529750536455,-0.461984805702,0.000227668278604,-3.38353683695e-17,-2.72047772124,2.83028986304,0.99998862872,-0.016772227931,-0.878251761671,1.41168390489,0.0539594854301,-0.0679491,-1.87988,2.20346,0.404574,-0.0259694,3.64297,0.0120294,2.25,1.0,0.0440518969552,-139.518285227,-588.839802464
