_MeanReward,Steps,_Episode,_mean_discrew,_min_discrew,_max_discrew,_std_discrew,_mean_adv,_min_adv,_max_adv,_std_adv,_mean_obs,_min_obs,_max_obs,_std_obs,_mean_act,_min_act,_max_act,_std_act,PolicyLoss,PolicyEntropy,KL,Beta,_lr_multiplier,ValFuncLoss,ExplainedVarNew,ExplainedVarOld
-121.321,572,5,-0.430252045145,-0.5,-0.331633476468,0.00232678238967,-9.93766064e-17,-2.19533166979,2.48103701424,0.999993142518,-0.0496823767666,-1.73506424923,1.86157225235,0.0694038845492,-0.149329,-2.58431,2.09599,0.42803,-0.0294635,3.65764,0.0120209,1.5,1.0,0.0175287746881,-1.09534151475,-21.232424473
-134.753,1116,10,-0.298381242576,-0.501102156488,-0.0777001662276,0.0256959694756,-5.09349631369e-17,-3.04639416172,2.59089417191,0.999984021559,-0.052265775759,-0.908364769566,1.10482747947,0.0487015411201,-0.0623763,-2.62975,2.21107,0.383622,-0.016421,3.66958,0.00622094,2.25,1.0,0.0106516532042,0.585474739639,-0.0933435128982
