_MeanReward,Steps,_Episode,_mean_discrew,_min_discrew,_max_discrew,_std_discrew,_mean_adv,_min_adv,_max_adv,_std_adv,_mean_obs,_min_obs,_max_obs,_std_obs,_mean_act,_min_act,_max_act,_std_act,PolicyLoss,PolicyEntropy,KL,Beta,_lr_multiplier,ValFuncLoss,ExplainedVarNew,ExplainedVarOld
-126.371,435,5,-0.475559610038,-0.510857015616,-0.390514962725,0.00099612091376,3.26686315292e-17,-2.71935116807,2.04092078282,0.999993090774,-0.0626249810179,-1.5732239233,1.67328324286,0.0767465655644,-0.116703,-2.60724,1.87899,0.402951,-0.0218351,3.66714,0.012958,1.5,1.0,0.0945953167389,-24.8352628435,-45.0902635898
-126.26,449,10,-0.471809585344,-0.508198020758,-0.395814334459,0.000843950981046,0.0,-3.04740988397,2.04307454763,0.999987350395,0.0167918782713,-2.05365807113,1.5793451021,0.0621165397408,-0.0471865,-2.00905,1.94866,0.398096,-0.0215059,3.6644,0.00780764,2.25,1.0,0.021986790708,-24.7415019256,-51.9731783548
