_MeanReward,Steps,_Episode,_mean_discrew,_min_discrew,_max_discrew,_std_discrew,_mean_adv,_min_adv,_max_adv,_std_adv,_mean_obs,_min_obs,_max_obs,_std_obs,_mean_act,_min_act,_max_act,_std_act,PolicyLoss,PolicyEntropy,KL,Beta,_lr_multiplier,ValFuncLoss,ExplainedVarNew,ExplainedVarOld
-142.202,2474,5,-0.183476934422,-0.5,-0.0520764259286,0.0199008954514,-4.4516622491e-17,-4.39127572418,3.71492059275,0.999983514079,0.0260609764355,-2.65299067998,1.9376477263,0.0729562253908,0.0764524,-2.53915,3.08909,0.404057,-0.0120054,3.69252,0.00803801,1.5,1.0,0.0046423535124,0.767419367157,-0.0338832284403
-113.071,407,10,-0.442662679844,-0.508517139569,-0.343325177125,0.00207607113168,5.2374157427e-17,-2.39295644106,2.80429067486,0.999985711876,0.0518038080062,-1.21483988578,1.58437703246,0.0781407264388,0.0159448,-2.15995,2.33421,0.385706,-0.0339677,3.69717,0.0111358,2.25,1.0,0.0172293121749,-7.00850063985,-15.3898502659
-106.768,1907,15,-0.111680930357,-0.5,9.83192658168e-05,0.0202617115952,-2.98077707713e-17,-4.98181116182,3.26549051722,0.999989307693,0.0375705780023,-1.14430613296,1.599,0.0564339098428,0.0608586,-2.76819,2.56087,0.424646,-0.00661324,3.72245,0.00295996,2.25,1.0,0.00578179646741,0.7437387087,-3.60711925877
-114.96,1969,20,-0.120870860362,-0.520137818331,0.00158258860802,0.0249272501355,1.44345908737e-17,-6.55854748676,4.45521517745,0.999959451402,0.0399059642147,-1.99718943459,1.87504697717,0.0581334949345,0.0748728,-2.65039,2.52693,0.422142,-0.0054146,3.72382,0.00148033,1.5,1.0,0.00494916984871,0.829091035293,0.75511396473
