_MeanReward,Steps,_Episode,_mean_discrew,_min_discrew,_max_discrew,_std_discrew,_mean_adv,_min_adv,_max_adv,_std_adv,_mean_obs,_min_obs,_max_obs,_std_obs,_mean_act,_min_act,_max_act,_std_act,PolicyLoss,PolicyEntropy,KL,Beta,_lr_multiplier,ValFuncLoss,ExplainedVarNew,ExplainedVarOld
-118.739,408,5,-0.444893688998,-0.510478067013,-0.319277153257,0.00348840061902,-3.48305262628e-17,-3.79411061951,1.29537119053,0.999992410555,0.0876022704426,-1.51430736314,2.000162755,0.0629096366003,0.0492494,-1.88392,2.3896,0.418773,-0.053124,3.71127,0.0133287,1.5,1.0,0.016468810182,-1.72664282677,-15.5124915366
-123.635,395,10,-0.476256747751,-0.508980105388,-0.372726362459,0.00116230566348,-8.99421184506e-18,-2.72788790628,2.99211172527,0.999985597728,0.0275888067118,-1.93597074155,1.79238837358,0.0682551567572,0.0311132,-2.13829,2.3617,0.38208,-0.03855,3.68377,0.0130922,2.25,1.0,0.0065917753724,-4.55716034084,-22.5289068378
-121.466,365,15,-0.47416255163,-0.521911818526,-0.355942804984,0.0018105947158,0.0,-2.61096042055,2.36012960503,0.999981933633,0.0388587421608,-0.963833964845,1.2879474463,0.0603630457542,-0.00194165,-2.06242,2.41226,0.410259,-0.0212124,3.71452,0.00786256,3.375,1.0,0.0479392314245,-2.7215084413,-13.831113155
-113.223,356,20,-0.45079090952,-0.519676769041,-0.33420871352,0.00286895122757,3.49283648197e-17,-3.15496200409,1.84401585833,0.999988150604,0.0396377593777,-1.05121103995,1.26179848688,0.0529510093875,-0.0107488,-2.54787,2.11414,0.425259,-0.0250858,3.69521,0.00612222,5.0625,1.0,0.0310722966989,-0.723820619357,-17.8126402813
