_MeanReward,Steps,_Episode,_mean_discrew,_min_discrew,_max_discrew,_std_discrew,_mean_adv,_min_adv,_max_adv,_std_adv,_mean_obs,_min_obs,_max_obs,_std_obs,_mean_act,_min_act,_max_act,_std_act,PolicyLoss,PolicyEntropy,KL,Beta,_lr_multiplier,ValFuncLoss,ExplainedVarNew,ExplainedVarOld
-129.424,619,5,-0.417452494833,-0.527888162706,-0.288311316893,0.00546568971429,1.72183215451e-17,-3.58343641255,2.63468814969,0.99998908416,0.0250740025858,-1.30078200446,1.75857659719,0.0577416707994,0.0763797,-2.15235,2.25529,0.368539,-0.0287749,3.70103,0.0131217,1.5,1.0,0.0069553737491,-0.207370763806,-4.04206948359
-121.701,530,10,-0.429554189396,-0.517626635519,-0.323545345068,0.00304775194758,2.68129334249e-17,-4.3836345684,2.07664798729,0.999975453705,0.021700160813,-1.16574694245,1.2313170646,0.0609031184312,0.0613348,-2.51373,2.45,0.41914,-0.0266252,3.70752,0.0105697,2.25,1.0,0.00344260439457,-0.0095081393888,-6.65213157929
-133.918,488,15,-0.476949803962,-0.544811702111,-0.377001092894,0.00166804624121,5.82412078492e-17,-2.23344712688,2.86078147463,0.999956250979,0.00967085074402,-2.10658271598,1.59481282832,0.0578130692759,0.0402463,-2.17597,2.01497,0.407963,-0.0226775,3.73035,0.00745963,3.375,1.0,0.00540318252283,-0.987202733544,-4.93859404599
-125.108,392,20,-0.480386381662,-0.520937881597,-0.387098365073,0.00105123792561,-1.15553825012e-16,-2.21766638843,2.79064688799,0.99996467994,0.0456038281889,-0.864926935438,1.22714715583,0.052111796086,0.0517484,-2.10373,2.36887,0.442623,-0.0367129,3.67768,0.00897762,5.0625,1.0,0.0100621210964,-0.588941823543,-18.3451166726
