_MeanReward,Steps,_Episode,_mean_discrew,_min_discrew,_max_discrew,_std_discrew,_mean_adv,_min_adv,_max_adv,_std_adv,_mean_obs,_min_obs,_max_obs,_std_obs,_mean_act,_min_act,_max_act,_std_act,PolicyLoss,PolicyEntropy,KL,Beta,_lr_multiplier,ValFuncLoss,ExplainedVarNew,ExplainedVarOld
-107.115,340,3,-0.389647138068,-0.5,-0.267922447938,0.00505835684278,1.04491578788e-16,-2.59392626086,2.34766547711,0.9999919058,-0.069921369446,-3.15929057676,2.37896978366,0.097419836636,-0.268873,-2.42402,2.11766,0.389961,-0.0449299,3.6867,0.0130609,1.5,1.0,0.0153780960758,-1.41994791458,-7.3515169891
-105.03,1729,6,-0.0810972248008,-0.505014708988,-5.66919152334e-05,0.0118539777152,-1.64382356451e-17,-7.16122132638,3.42085188107,0.999981134324,0.00873894635643,-1.39156179426,1.80148066535,0.0397866408591,-0.118042,-2.37838,2.42678,0.398194,-0.0463247,3.69672,0.0129924,2.25,1.0,0.00145622401721,0.885190531147,-2.793175006
-103.963,1739,9,-0.0832920817952,-0.5,-0.000340801198035,0.0111660581735,1.63437087006e-17,-3.47258248746,4.26627988643,0.999958125752,0.00229473832512,-1.18445873286,1.9568840741,0.0361890584272,-0.172717,-2.70819,2.65774,0.435834,-0.0233843,3.70667,0.00740363,3.375,1.0,0.000945916259245,0.915290317958,0.385405249405
