_MeanReward,Steps,_Episode,_mean_discrew,_min_discrew,_max_discrew,_std_discrew,_mean_adv,_min_adv,_max_adv,_std_adv,_mean_obs,_min_obs,_max_obs,_std_obs,_mean_act,_min_act,_max_act,_std_act,PolicyLoss,PolicyEntropy,KL,Beta,_lr_multiplier,ValFuncLoss,ExplainedVarNew,ExplainedVarOld
-137.745,1184,3,-0.248272393293,-0.5,-0.0849948415869,0.0134193300478,3.00060276926e-17,-4.0769318079,2.06484658901,0.999986116954,-0.0736763092515,-1.77130145031,1.34936698568,0.0432423205137,-0.0879074,-2.39993,2.13207,0.375483,-0.0255624,3.67387,0.0114882,1.5,1.0,0.00462878207708,0.66739028778,-1.35393714928
-104.054,1710,6,-0.0745633861611,-0.509337296683,-0.000426357233664,0.0112785862917,-6.64835308314e-17,-7.1550376006,5.01023226251,0.999985249863,0.0198301697219,-0.899221190373,1.599,0.0399850692624,0.0489784,-2.36942,2.18935,0.392512,-0.0145454,3.69397,0.00803605,2.25,1.0,0.00202220772915,0.829502585847,-5.89997861867
-122.142,461,9,-0.328978502462,-0.504210578996,-0.17280788009,0.0135337843227,0.0,-3.58408839678,2.59927561162,0.999976508293,0.00470364334045,-1.45686653535,1.10503388414,0.054255989722,-0.00113378,-2.35294,2.30348,0.416568,-0.0275921,3.74385,0.00892998,3.375,1.0,0.0115791515463,0.145065635995,-0.390107322758
