_MeanReward,Steps,_Episode,_mean_discrew,_min_discrew,_max_discrew,_std_discrew,_mean_adv,_min_adv,_max_adv,_std_adv,_mean_obs,_min_obs,_max_obs,_std_obs,_mean_act,_min_act,_max_act,_std_act,PolicyLoss,PolicyEntropy,KL,Beta,_lr_multiplier,ValFuncLoss,ExplainedVarNew,ExplainedVarOld
-128.269,223,3,-0.491073458685,-0.527261270162,-0.444103442262,0.000427728563961,-3.50491932438e-16,-3.69862047449,2.1504779846,0.999987355408,-0.0103949026291,-1.80993050075,0.995479849549,0.0574297616515,-0.0790019,-2.3164,1.78623,0.386505,-0.0285117,3.67591,0.0139482,1.5,1.0,0.0124683853752,-20.3635694606,-47.3037874752
-121.49,183,6,-0.493132535411,-0.516981592226,-0.446106152446,0.000358547345983,4.85343398743e-17,-4.85676704597,1.54949215174,0.999966031333,0.0644582321416,-0.726409756525,0.967005617763,0.0501113327343,-0.0299982,-2.11802,1.90745,0.391315,-0.0283922,3.67991,0.0125326,2.25,1.0,0.000821219045489,-1.22670947753,-15.8113458905
-127.814,197,9,-0.507950852839,-0.52914540585,-0.463393666207,0.000236462715463,-9.46789178361e-17,-3.77241251885,1.53271405101,0.999966857405,0.0219166722658,-0.819817978192,0.833364255859,0.053783674285,-0.0473158,-2.05222,2.60375,0.413003,-0.0391074,3.69742,0.0129372,3.375,1.0,0.0129243698103,-2.02006488741,-47.8051595766
