_MeanReward,Steps,_Episode,_mean_discrew,_min_discrew,_max_discrew,_std_discrew,_mean_adv,_min_adv,_max_adv,_std_adv,_mean_obs,_min_obs,_max_obs,_std_obs,_mean_act,_min_act,_max_act,_std_act,PolicyLoss,PolicyEntropy,KL,Beta,_lr_multiplier,ValFuncLoss,ExplainedVarNew,ExplainedVarOld
-120.937,197,3,-0.481805668289,-0.506538975752,-0.427306909147,0.000442115976549,-1.44272636703e-16,-2.08067718525,2.19888087233,0.999990053259,0.028669001426,-1.48813102461,1.96082769023,0.0735237902697,-0.0399269,-2.17845,2.40142,0.419461,-0.0236233,3.67766,0.0133946,1.5,1.0,0.0166022152258,-28.0583049462,-152.235086569
-124.525,414,6,-0.385674779521,-0.502258322147,-0.249914592094,0.00722406692624,-1.71628680135e-17,-3.24175106145,2.49537773605,0.999986775195,0.00764279130937,-0.897085034911,0.929372156099,0.0355087358055,-0.0360478,-2.46874,2.98554,0.416711,-0.031425,3.69265,0.0120278,2.25,1.0,0.0449704847402,-0.132149260506,-2.27481149303
-117.909,215,9,-0.457309599771,-0.502841500084,-0.383098924761,0.00122742318355,0.0,-2.2455260384,1.99679781568,0.999989071225,0.0570935586467,-0.7769921962,1.12314816219,0.0505717690233,0.0743157,-2.0017,1.86654,0.40437,-0.0276316,3.69958,0.0121944,3.375,1.0,0.00722949368314,-4.86826001866,-4.92072356622
