_MeanReward,Steps,_Episode,_mean_discrew,_min_discrew,_max_discrew,_std_discrew,_mean_adv,_min_adv,_max_adv,_std_adv,_mean_obs,_min_obs,_max_obs,_std_obs,_mean_act,_min_act,_max_act,_std_act,PolicyLoss,PolicyEntropy,KL,Beta,_lr_multiplier,ValFuncLoss,ExplainedVarNew,ExplainedVarOld
-122.361,390,5,-0.464649060335,-0.506997039767,-0.374560210402,0.00173795420383,7.28761780267e-17,-2.12021071212,2.32860401886,0.999986791861,-0.107676917341,-1.13130264036,1.47102460761,0.0537748980769,-0.27044,-2.66657,2.22306,0.387134,-0.0345609,3.66214,0.0126161,1.5,1.0,0.00687910793071,-2.70468819054,-15.7652195742
