_MeanReward,Steps,_Episode,_mean_discrew,_min_discrew,_max_discrew,_std_discrew,_mean_adv,_min_adv,_max_adv,_std_adv,_mean_obs,_min_obs,_max_obs,_std_obs,_mean_act,_min_act,_max_act,_std_act,PolicyLoss,PolicyEntropy,KL,Beta,_lr_multiplier,ValFuncLoss,ExplainedVarNew,ExplainedVarOld
-128.332,356,5,-0.493352382639,-0.514801210402,-0.414986468909,0.00050347546047,-9.97953280562e-18,-2.31968788275,2.73651507751,0.999991555704,-0.0463601031228,-1.32200962022,1.1880581829,0.046582905807,-0.238217,-3.00862,1.99715,0.395633,-0.0230359,3.65984,0.0145658,1.5,1.0,0.0209303466431,-11.0980391718,-125.236733073
