_MeanReward,Steps,_Episode,_mean_discrew,_min_discrew,_max_discrew,_std_discrew,_mean_adv,_min_adv,_max_adv,_std_adv,_mean_obs,_min_obs,_max_obs,_std_obs,_mean_act,_min_act,_max_act,_std_act,PolicyLoss,PolicyEntropy,KL,Beta,_lr_multiplier,ValFuncLoss,ExplainedVarNew,ExplainedVarOld
-109.287,1989,5,-0.118961339616,-0.506092257338,0.000217019245611,0.0225879262807,2.85788933438e-17,-2.79985197256,3.55765650056,0.999989625544,-0.119422104963,-1.61512740494,1.81154570216,0.0557766418233,-0.107748,-3.07454,2.36231,0.411572,-0.0112247,3.6743,0.00716079,1.5,1.0,0.00207330753322,0.908217928341,-4.76436971659
