_MeanReward,Steps,_Episode,_mean_discrew,_min_discrew,_max_discrew,_std_discrew,_mean_adv,_min_adv,_max_adv,_std_adv,_mean_obs,_min_obs,_max_obs,_std_obs,_mean_act,_min_act,_max_act,_std_act,PolicyLoss,PolicyEntropy,KL,Beta,_lr_multiplier,ValFuncLoss,ExplainedVarNew,ExplainedVarOld
-112.34,10885,20,-0.100896785981,-0.500712126342,-0.000302735134028,0.0147673733817,2.08887161638e-17,-8.30551715136,3.705532288,0.999982146741,0.00366217971411,-1.02430706245,1.88052950746,0.0412032188753,-0.0742541,-3.17074,3.14975,0.400474,-0.00777826,3.69383,0.00328731,1.0,1.0,0.00227950634721,0.845903159186,0.084979032486
