_MeanReward,Steps,_Episode,_mean_discrew,_min_discrew,_max_discrew,_std_discrew,_mean_adv,_min_adv,_max_adv,_std_adv,_mean_obs,_min_obs,_max_obs,_std_obs,_mean_act,_min_act,_max_act,_std_act,PolicyLoss,PolicyEntropy,KL,Beta,_lr_multiplier,ValFuncLoss,ExplainedVarNew,ExplainedVarOld
-135.44,3143,20,-0.33919886025,-0.532670648898,-0.0769064817691,0.0268937730693,-1.80857202866e-17,-4.29020640163,1.86712281584,0.999988506189,0.0079691258061,-1.59059960168,1.98569028809,0.0653297443009,-0.0326648,-2.87712,2.74242,0.43382,-0.0189742,3.68327,0.0126142,1.5,1.0,0.0140994345595,0.564198304184,-0.445334080465
