_MeanReward,Steps,_Episode,_mean_discrew,_min_discrew,_max_discrew,_std_discrew,_mean_adv,_min_adv,_max_adv,_std_adv,_mean_obs,_min_obs,_max_obs,_std_obs,_mean_act,_min_act,_max_act,_std_act,PolicyLoss,PolicyEntropy,KL,Beta,_lr_multiplier,ValFuncLoss,ExplainedVarNew,ExplainedVarOld
-132.895,11149,20,-0.126999607599,-0.51424308739,-0.000227621771046,0.0180450680962,8.66748695519e-17,-6.06165920002,4.20953316311,0.999987165882,0.00974251728504,-1.65222613159,1.72611164161,0.0390762110301,-0.0600098,-3.15741,2.65393,0.395887,-0.0091805,3.67337,0.00565429,1.0,1.0,0.00671047967143,0.628600961377,-0.329278064872
