_MeanReward,Steps,_Episode,_mean_discrew,_min_discrew,_max_discrew,_std_discrew,_mean_adv,_min_adv,_max_adv,_std_adv,_mean_obs,_min_obs,_max_obs,_std_obs,_mean_act,_min_act,_max_act,_std_act,PolicyLoss,PolicyEntropy,KL,Beta,_lr_multiplier,ValFuncLoss,ExplainedVarNew,ExplainedVarOld
-143.23,29098,20,-0.0893073874898,-0.502711037708,0.00952674965181,0.00847341985011,4.10238434283e-17,-6.1078546765,3.81594616636,0.999986633989,0.0847360958026,-2.82142380106,2.93690028733,0.0829768893856,0.0527444,-2.79271,3.08211,0.422359,-0.00166882,3.68588,0.00128664,0.666666666667,1.0,0.00409947152468,0.517443613163,-2.53938363145
