_MeanReward,Steps,_Episode,_mean_discrew,_min_discrew,_max_discrew,_std_discrew,_mean_adv,_min_adv,_max_adv,_std_adv,_mean_obs,_min_obs,_max_obs,_std_obs,_mean_act,_min_act,_max_act,_std_act,PolicyLoss,PolicyEntropy,KL,Beta,_lr_multiplier,ValFuncLoss,ExplainedVarNew,ExplainedVarOld
-145.421,7829,20,-0.254142369047,-0.506593064184,-0.0488321568471,0.0168774785899,6.17152970133e-17,-4.73057591116,2.6167706417,0.999989653161,0.0631159278908,-2.51560184458,3.21389926936,0.0849550651201,0.0554299,-2.80704,2.68606,0.423776,-0.00609534,3.69649,0.00521457,1.0,1.0,0.0199514836531,0.240110220552,-1.68880875421
