_MeanReward,Steps,_Episode,_mean_discrew,_min_discrew,_max_discrew,_std_discrew,_mean_adv,_min_adv,_max_adv,_std_adv,_mean_obs,_min_obs,_max_obs,_std_obs,_mean_act,_min_act,_max_act,_std_act,PolicyLoss,PolicyEntropy,KL,Beta,_lr_multiplier,ValFuncLoss,ExplainedVarNew,ExplainedVarOld
-135.092,3112,20,-0.399964541146,-0.53282170266,-0.189398333936,0.00854203618215,-1.82658800967e-17,-3.32623387435,2.61932624395,0.999992289043,0.0323103146711,-2.33876416953,2.27872007679,0.085556003683,0.0286399,-3.04878,2.64315,0.420329,-0.0156968,3.71509,0.0078981,1.5,1.0,0.0114268746139,0.38519827076,-1.41528018701
