_MeanReward,Steps,_Episode,_mean_discrew,_min_discrew,_max_discrew,_std_discrew,_mean_adv,_min_adv,_max_adv,_std_adv,_mean_obs,_min_obs,_max_obs,_std_obs,_mean_act,_min_act,_max_act,_std_act,PolicyLoss,PolicyEntropy,KL,Beta,_lr_multiplier,ValFuncLoss,ExplainedVarNew,ExplainedVarOld
-130.677,14451,20,-0.122237573984,-0.502262870323,0.00191444280239,0.0166868552656,-2.95014629753e-17,-6.02445693828,3.05780736648,0.999978434849,-0.166495716811,-2.08532145943,1.95433824668,0.0326798084426,-0.337053,-3.05243,2.32185,0.376955,-0.0034465,3.68484,0.00213587,1.0,1.0,0.00741561109462,0.56472217516,-0.131091980214
