_MeanReward,Steps,_Episode,_mean_discrew,_min_discrew,_max_discrew,_std_discrew,_mean_adv,_min_adv,_max_adv,_std_adv,_mean_obs,_min_obs,_max_obs,_std_obs,_mean_act,_min_act,_max_act,_std_act,PolicyLoss,PolicyEntropy,KL,Beta,_lr_multiplier,ValFuncLoss,ExplainedVarNew,ExplainedVarOld
-120.475,1942,20,-0.400124052063,-0.512265682218,-0.111698511363,0.0150198084636,5.85411110822e-17,-4.21017346981,2.27253714312,0.99998939373,0.050596009427,-2.00246407988,1.51584916798,0.0577195962481,0.157969,-2.74947,2.5156,0.426742,-0.0168202,3.68727,0.0100595,1.5,1.0,0.00776620942708,0.487851251405,-0.779451175563
