_MeanReward,Steps,_Episode,_mean_discrew,_min_discrew,_max_discrew,_std_discrew,_mean_adv,_min_adv,_max_adv,_std_adv,_mean_obs,_min_obs,_max_obs,_std_obs,_mean_act,_min_act,_max_act,_std_act,PolicyLoss,PolicyEntropy,KL,Beta,_lr_multiplier,ValFuncLoss,ExplainedVarNew,ExplainedVarOld
-133.817,2254,20,-0.431054817309,-0.52157812465,-0.128529061897,0.0120598966031,2.52189081015e-17,-2.79065673687,4.30928758766,0.999979889382,-0.18832091683,-1.96612247094,1.87592463652,0.0602912467818,-0.274213,-3.35154,1.97451,0.39304,-0.0176439,3.65646,0.00967825,1.5,1.0,0.00424572542895,0.647955335294,-1.42982127888
