_MeanReward,Steps,_Episode,_mean_discrew,_min_discrew,_max_discrew,_std_discrew,_mean_adv,_min_adv,_max_adv,_std_adv,_mean_obs,_min_obs,_max_obs,_std_obs,_mean_act,_min_act,_max_act,_std_act,PolicyLoss,PolicyEntropy,KL,Beta,_lr_multiplier,ValFuncLoss,ExplainedVarNew,ExplainedVarOld
-109.606,424,5,-0.421639334321,-0.500205009189,-0.31422586834,0.00340406244071,0.0,-2.26026793163,2.4783190595,0.999994662725,0.0358945589122,-1.02539390939,1.22859913532,0.0588917736076,0.00795981,-2.06998,1.65894,0.388361,-0.027169,3.67729,0.0125499,1.5,1.0,0.0243370305609,-6.12875435072,-48.5148073192
