_MeanReward,Steps,_Episode,_mean_discrew,_min_discrew,_max_discrew,_std_discrew,_mean_adv,_min_adv,_max_adv,_std_adv,_mean_obs,_min_obs,_max_obs,_std_obs,_mean_act,_min_act,_max_act,_std_act,PolicyLoss,PolicyEntropy,KL,Beta,_lr_multiplier,ValFuncLoss,ExplainedVarNew,ExplainedVarOld
-115.53,405,5,-0.443365159214,-0.5,-0.312770224559,0.00323348443207,4.38606627012e-17,-2.72352409536,2.65264879356,0.999990298488,-0.0277244959248,-1.10070583003,1.24050270181,0.0582696022405,-0.0168472,-2.06381,2.12645,0.398733,-0.0225105,3.67518,0.0121423,1.5,1.0,0.0555618895301,-4.55343317344,-6.2343379963
