_MeanReward,Steps,_Episode,_mean_discrew,_min_discrew,_max_discrew,_std_discrew,_mean_adv,_min_adv,_max_adv,_std_adv,_mean_obs,_min_obs,_max_obs,_std_obs,_mean_act,_min_act,_max_act,_std_act,PolicyLoss,PolicyEntropy,KL,Beta,_lr_multiplier,ValFuncLoss,ExplainedVarNew,ExplainedVarOld
-127.741,536,5,-0.42902308843,-0.505680101355,-0.257245674136,0.00682137312167,-1.19307548915e-16,-2.94099418959,2.51668808852,0.999988964346,-0.0364001222223,-1.05226961046,1.26573897692,0.0428647217696,-0.0338797,-2.30523,1.89553,0.405579,-0.0495012,3.69144,0.0127533,1.5,1.0,0.0340683493378,-0.828444030728,-0.837826727359
