_MeanReward,Steps,_Episode,_mean_discrew,_min_discrew,_max_discrew,_std_discrew,_mean_adv,_min_adv,_max_adv,_std_adv,_mean_obs,_min_obs,_max_obs,_std_obs,_mean_act,_min_act,_max_act,_std_act,PolicyLoss,PolicyEntropy,KL,Beta,_lr_multiplier,ValFuncLoss,ExplainedVarNew,ExplainedVarOld
-127.372,717,5,-0.384677302824,-0.514382825797,-0.193715508689,0.0104678482236,-7.92795242131e-17,-3.605501287,2.10240809724,0.999992227661,-0.018066454121,-1.70121312636,1.4316613118,0.059135468529,-0.0800344,-2.25472,2.20149,0.388596,-0.0359133,3.69751,0.0121217,1.5,1.0,0.0209866706201,-0.319422310401,-5.47516097751
-118.861,342,10,-0.471887061543,-0.509033488345,-0.384853920918,0.00117791222778,2.07761033848e-17,-2.70066882119,2.67415821694,0.999980913021,0.0505867425572,-0.945243058229,1.24213079016,0.0592599549484,0.0202236,-2.29936,2.07039,0.393129,-0.0307654,3.74855,0.0137852,2.25,1.0,0.0116562330878,-8.18408876664,-7.55538306093
-125.159,434,15,-0.459708574652,-0.521465700488,-0.36575226776,0.00210386856721,2.45579286553e-17,-3.10183860175,2.370162892,0.99997795589,0.0433499253625,-1.56752186213,1.80519395266,0.0697819041175,0.0480704,-1.90934,2.58489,0.434696,-0.0289565,3.71019,0.00862016,3.375,1.0,0.00893254570367,-0.532611950741,-10.7595245671
