_MeanReward,Steps,_Episode,_mean_discrew,_min_discrew,_max_discrew,_std_discrew,_mean_adv,_min_adv,_max_adv,_std_adv,_mean_obs,_min_obs,_max_obs,_std_obs,_mean_act,_min_act,_max_act,_std_act,PolicyLoss,PolicyEntropy,KL,Beta,_lr_multiplier,ValFuncLoss,ExplainedVarNew,ExplainedVarOld
-109.27,436,5,-0.414053025906,-0.503863610351,-0.280496367625,0.00410365323878,-6.51874069505e-17,-2.32985217784,2.93278104271,0.999985000201,-0.0276790144847,-2.11463236716,1.44309042373,0.0745400759641,-0.114465,-2.22665,2.10684,0.38835,-0.0272247,3.6741,0.0136878,1.5,1.0,0.0335080303111,-0.695270337745,-4.56446011521
-119.517,429,10,-0.451806922626,-0.510811117386,-0.352947952294,0.00211791749882,-9.10952225333e-17,-3.08102092876,1.92379122482,0.999987048027,0.0722904517787,-1.17460563525,1.59076282293,0.0696007981435,0.00204065,-2.14515,2.11616,0.386933,-0.0165099,3.75259,0.00438301,1.5,1.0,0.0192273251967,-7.45209304911,-4.38328455331
-117.256,443,15,-0.43389161541,-0.501775345897,-0.294347012071,0.00395487953647,-1.60393394077e-17,-2.32717914687,2.63665402099,0.999984658365,0.0376188722169,-1.17647677747,1.84191731844,0.0645345091991,0.019417,-1.98109,2.15807,0.435069,-0.0296395,3.72806,0.00893478,2.25,1.0,0.0115820531496,-1.44118152694,-5.80146185947
