_MeanReward,Steps,_Episode,_mean_discrew,_min_discrew,_max_discrew,_std_discrew,_mean_adv,_min_adv,_max_adv,_std_adv,_mean_obs,_min_obs,_max_obs,_std_obs,_mean_act,_min_act,_max_act,_std_act,PolicyLoss,PolicyEntropy,KL,Beta,_lr_multiplier,ValFuncLoss,ExplainedVarNew,ExplainedVarOld
-101.965,1979,5,-0.113834066508,-0.5,0.000404191324301,0.0203329101261,0.0,-4.27139811949,3.20356631387,0.999985565083,0.0412772288255,-1.48227728565,1.599,0.0593619240901,0.00760023,-2.46886,2.42492,0.402716,-0.0189327,3.66513,0.00944706,1.5,1.0,0.000606892479542,0.970153922118,-1.01490836535
-113.384,340,10,-0.456982724306,-0.500726549827,-0.327668225395,0.00217891991327,-1.25389894546e-16,-3.14255398044,1.72164650344,0.99998533025,0.0804469161353,-1.41707441415,2.21036863884,0.0941130348192,-0.00758113,-2.28464,2.95877,0.399949,-0.0296298,3.75386,0.0116652,2.25,1.0,0.0141824067741,-1.56046624142,-9.12410430456
-106.899,417,15,-0.415997863488,-0.500066507319,-0.313876325328,0.00331155443722,5.11181824288e-17,-3.02854182286,2.51173259548,0.999990789541,0.0241295786127,-1.13003995784,1.66753601074,0.0662786282264,-0.0694276,-2.64412,2.3617,0.413784,-0.0156336,3.76428,0.00535634,2.25,1.0,0.0326996007234,-8.49818506773,-20.7043721097
